#0 building with "default" instance using docker driver

#1 [internal] load build definition from Dockerfile
#1 transferring dockerfile: 4.15kB done
#1 DONE 0.0s

#2 [internal] load metadata for docker.io/xiayaling/maven:3.9.11-eclipse-temurin-21-alpine
#2 DONE 0.0s

#3 [internal] load metadata for docker.io/xiayaling/eclipse-temurin:21-jre-alpine-3.21
#3 DONE 0.0s

#4 [internal] load .dockerignore
#4 transferring context: 217B done
#4 DONE 0.0s

#5 [builder  1/27] FROM docker.io/xiayaling/maven:3.9.11-eclipse-temurin-21-alpine
#5 DONE 0.0s

#6 [stage-1 1/9] FROM docker.io/xiayaling/eclipse-temurin:21-jre-alpine-3.21
#6 DONE 0.0s

#7 [stage-1 2/9] WORKDIR /app
#7 CACHED

#8 [builder  2/27] WORKDIR /build
#8 CACHED

#9 [internal] load build context
#9 transferring context: 117.24kB 0.2s done
#9 DONE 0.3s

#10 [builder  3/27] RUN echo "MAVEN_REPO_LOCAL: /build/.m2/repository" &&     mkdir -p /build/.m2/repository  && chmod -R 777 /build/.m2/repository
#10 0.664 MAVEN_REPO_LOCAL: /build/.m2/repository
#10 DONE 0.7s

#11 [builder  4/27] COPY pom.xml .
#11 DONE 0.0s

#12 [builder  5/27] COPY widdo-bom/pom.xml widdo-bom/
#12 DONE 0.0s

#13 [builder  6/27] COPY widdo-autoconfigure/pom.xml widdo-autoconfigure/
#13 DONE 0.0s

#14 [stage-1 3/9] RUN apk add --no-cache tzdata &&     ln -sf /usr/share/zoneinfo/Asia/Shanghai /etc/localtime &&     echo "Asia/Shanghai" > /etc/timezone
#14 0.669 fetch https://dl-cdn.alpinelinux.org/alpine/v3.21/main/x86_64/APKINDEX.tar.gz
#14 ...

#15 [builder  7/27] COPY widdo-gateway/pom.xml widdo-gateway/
#15 DONE 0.0s

#16 [builder  8/27] COPY widdo-docs/pom.xml widdo-docs/
#16 DONE 0.0s

#17 [builder  9/27] COPY widdo-packages/pom.xml widdo-packages/
#17 DONE 0.0s

#18 [builder 10/27] COPY widdo-packages/widdo-assistant/pom.xml widdo-packages/widdo-assistant/
#18 DONE 0.0s

#19 [builder 11/27] COPY widdo-packages/widdo-cache/pom.xml widdo-packages/widdo-cache/
#19 DONE 0.1s

#20 [builder 12/27] COPY widdo-packages/widdo-data/pom.xml widdo-packages/widdo-data/
#20 DONE 0.0s

#14 [stage-1 3/9] RUN apk add --no-cache tzdata &&     ln -sf /usr/share/zoneinfo/Asia/Shanghai /etc/localtime &&     echo "Asia/Shanghai" > /etc/timezone
#14 ...

#21 [builder 13/27] COPY widdo-register/pom.xml widdo-register/
#21 DONE 0.0s

#22 [builder 14/27] COPY widdo-services/pom.xml widdo-services/
#22 DONE 0.0s

#23 [builder 15/27] COPY widdo-services/widdo-life/pom.xml widdo-services/widdo-life/
#23 DONE 0.0s

#24 [builder 16/27] COPY widdo-services/widdo-study/pom.xml widdo-services/widdo-study/
#24 DONE 0.0s

#25 [builder 17/27] COPY widdo-services/widdo-hadoop/pom.xml widdo-services/widdo-hadoop/
#25 DONE 0.0s

#26 [builder 18/27] COPY widdo-starters/pom.xml widdo-starters/
#26 DONE 0.0s

#14 [stage-1 3/9] RUN apk add --no-cache tzdata &&     ln -sf /usr/share/zoneinfo/Asia/Shanghai /etc/localtime &&     echo "Asia/Shanghai" > /etc/timezone
#14 ...

#27 [builder 19/27] COPY widdo-starters/widdo-starter-elasticsearch/pom.xml widdo-starters/widdo-starter-elasticsearch/
#27 DONE 0.0s

#28 [builder 20/27] COPY widdo-starters/widdo-starter-hadoop/pom.xml widdo-starters/widdo-starter-hadoop/
#28 DONE 0.0s

#29 [builder 21/27] COPY widdo-starters/widdo-starter-jena/pom.xml widdo-starters/widdo-starter-jena/
#29 DONE 0.0s

#30 [builder 22/27] COPY widdo-starters/widdo-starter-neo4j/pom.xml widdo-starters/widdo-starter-neo4j/
#30 DONE 0.0s

#31 [builder 23/27] COPY widdo-starters/widdo-starter-orientdb/pom.xml widdo-starters/widdo-starter-orientdb/
#31 DONE 0.0s

#32 [builder 24/27] COPY widdo-starters/widdo-starter-sql/pom.xml widdo-starters/widdo-starter-sql/
#32 DONE 0.0s

#14 [stage-1 3/9] RUN apk add --no-cache tzdata &&     ln -sf /usr/share/zoneinfo/Asia/Shanghai /etc/localtime &&     echo "Asia/Shanghai" > /etc/timezone
#14 ...

#33 [builder 25/27] RUN mvn -B dependency:resolve -Dmaven.repo.local=/build/.m2/repository
#33 3.979 [INFO] Scanning for projects...
#33 4.956 [INFO] Downloading from central: https://repo.maven.apache.org/maven2/org/springframework/boot/spring-boot-dependencies/3.5.3/spring-boot-dependencies-3.5.3.pom
#33 9.301 [INFO] Downloaded from central: https://repo.maven.apache.org/maven2/org/springframework/boot/spring-boot-dependencies/3.5.3/spring-boot-dependencies-3.5.3.pom (96 kB at 22 kB/s)
#33 9.368 [INFO] Downloading from central: https://repo.maven.apache.org/maven2/org/apache/activemq/activemq-bom/6.1.6/activemq-bom-6.1.6.pom
#33 9.703 [INFO] Downloaded from central: https://repo.maven.apache.org/maven2/org/apache/activemq/activemq-bom/6.1.6/activemq-bom-6.1.6.pom (7.9 kB at 23 kB/s)
#33 9.719 [INFO] Downloading from central: https://repo.maven.apache.org/maven2/org/apache/activemq/artemis-bom/2.40.0/artemis-bom-2.40.0.pom
#33 10.37 [INFO] Downloaded from central: https://repo.maven.apache.org/maven2/org/apache/activemq/artemis-bom/2.40.0/artemis-bom-2.40.0.pom (9.6 kB at 15 kB/s)
#33 10.39 [INFO] Downloading from central: https://repo.maven.apache.org/maven2/org/apache/activemq/artemis-project/2.40.0/artemis-project-2.40.0.pom
#33 13.32 [INFO] Downloaded from central: https://repo.maven.apache.org/maven2/org/apache/activemq/artemis-project/2.40.0/artemis-project-2.40.0.pom (56 kB at 19 kB/s)
#33 13.34 [INFO] Downloading from central: https://repo.maven.apache.org/maven2/org/apache/apache/33/apache-33.pom
#33 ...

#14 [stage-1 3/9] RUN apk add --no-cache tzdata &&     ln -sf /usr/share/zoneinfo/Asia/Shanghai /etc/localtime &&     echo "Asia/Shanghai" > /etc/timezone
#14 5.668 fetch https://dl-cdn.alpinelinux.org/alpine/v3.21/community/x86_64/APKINDEX.tar.gz
#14 ...

#33 [builder 25/27] RUN mvn -B dependency:resolve -Dmaven.repo.local=/build/.m2/repository
#33 15.77 [INFO] Downloaded from central: https://repo.maven.apache.org/maven2/org/apache/apache/33/apache-33.pom (24 kB at 10.0 kB/s)
#33 15.79 [INFO] Downloading from central: https://repo.maven.apache.org/maven2/org/assertj/assertj-bom/3.27.3/assertj-bom-3.27.3.pom
#33 16.64 [INFO] Downloaded from central: https://repo.maven.apache.org/maven2/org/assertj/assertj-bom/3.27.3/assertj-bom-3.27.3.pom (3.7 kB at 4.3 kB/s)
#33 16.65 [INFO] Downloading from central: https://repo.maven.apache.org/maven2/io/zipkin/reporter2/zipkin-reporter-bom/3.5.1/zipkin-reporter-bom-3.5.1.pom
#33 17.82 [INFO] Downloaded from central: https://repo.maven.apache.org/maven2/io/zipkin/reporter2/zipkin-reporter-bom/3.5.1/zipkin-reporter-bom-3.5.1.pom (6.3 kB at 5.4 kB/s)
#33 17.83 [INFO] Downloading from central: https://repo.maven.apache.org/maven2/io/zipkin/brave/brave-bom/6.1.0/brave-bom-6.1.0.pom
#33 19.82 [INFO] Downloaded from central: https://repo.maven.apache.org/maven2/io/zipkin/brave/brave-bom/6.1.0/brave-bom-6.1.0.pom (11 kB at 5.5 kB/s)
#33 19.83 [INFO] Downloading from central: https://repo.maven.apache.org/maven2/org/apache/cassandra/java-driver-bom/4.19.0/java-driver-bom-4.19.0.pom
#33 21.13 [INFO] Downloaded from central: https://repo.maven.apache.org/maven2/org/apache/cassandra/java-driver-bom/4.19.0/java-driver-bom-4.19.0.pom (5.5 kB at 4.2 kB/s)
#33 21.15 [INFO] Downloading from central: https://repo.maven.apache.org/maven2/org/glassfish/jaxb/jaxb-bom/4.0.5/jaxb-bom-4.0.5.pom
#33 22.26 [INFO] Downloaded from central: https://repo.maven.apache.org/maven2/org/glassfish/jaxb/jaxb-bom/4.0.5/jaxb-bom-4.0.5.pom (12 kB at 10 kB/s)
#33 22.28 [INFO] Downloading from central: https://repo.maven.apache.org/maven2/org/eclipse/ee4j/project/1.0.9/project-1.0.9.pom
#33 24.57 [INFO] Downloaded from central: https://repo.maven.apache.org/maven2/org/eclipse/ee4j/project/1.0.9/project-1.0.9.pom (16 kB at 7.1 kB/s)
#33 24.59 [INFO] Downloading from central: https://repo.maven.apache.org/maven2/org/apache/groovy/groovy-bom/4.0.27/groovy-bom-4.0.27.pom
#33 ...

#14 [stage-1 3/9] RUN apk add --no-cache tzdata &&     ln -sf /usr/share/zoneinfo/Asia/Shanghai /etc/localtime &&     echo "Asia/Shanghai" > /etc/timezone
#14 28.39 OK: 38 MiB in 71 packages
#14 DONE 28.6s

#33 [builder 25/27] RUN mvn -B dependency:resolve -Dmaven.repo.local=/build/.m2/repository
#33 26.98 [INFO] Downloaded from central: https://repo.maven.apache.org/maven2/org/apache/groovy/groovy-bom/4.0.27/groovy-bom-4.0.27.pom (27 kB at 11 kB/s)
#33 27.05 [INFO] Downloading from central: https://repo.maven.apache.org/maven2/org/infinispan/infinispan-bom/15.2.4.Final/infinispan-bom-15.2.4.Final.pom
#33 28.23 [INFO] Downloaded from central: https://repo.maven.apache.org/maven2/org/infinispan/infinispan-bom/15.2.4.Final/infinispan-bom-15.2.4.Final.pom (17 kB at 15 kB/s)
#33 28.25 [INFO] Downloading from central: https://repo.maven.apache.org/maven2/org/infinispan/infinispan-build-configuration-parent/15.2.4.Final/infinispan-build-configuration-parent-15.2.4.Final.pom
#33 ...

#34 [stage-1 4/9] RUN java -Xshare:dump -XX:+UnlockDiagnosticVMOptions -XX:SharedArchiveFile=app-cds.jsa     --illegal-access=deny -Djdk.debug=cds
#34 0.611 OpenJDK 64-Bit Server VM warning: Ignoring option --illegal-access=deny; support was removed in 17.0
#34 DONE 2.3s

#33 [builder 25/27] RUN mvn -B dependency:resolve -Dmaven.repo.local=/build/.m2/repository
#33 30.15 [INFO] Downloaded from central: https://repo.maven.apache.org/maven2/org/infinispan/infinispan-build-configuration-parent/15.2.4.Final/infinispan-build-configuration-parent-15.2.4.Final.pom (17 kB at 9.0 kB/s)
#33 30.16 [INFO] Downloading from central: https://repo.maven.apache.org/maven2/com/fasterxml/jackson/jackson-bom/2.19.1/jackson-bom-2.19.1.pom
#33 32.22 [INFO] Downloaded from central: https://repo.maven.apache.org/maven2/com/fasterxml/jackson/jackson-bom/2.19.1/jackson-bom-2.19.1.pom (20 kB at 9.8 kB/s)
#33 32.24 [INFO] Downloading from central: https://repo.maven.apache.org/maven2/com/fasterxml/jackson/jackson-parent/2.19.2/jackson-parent-2.19.2.pom
#33 33.08 [INFO] Downloaded from central: https://repo.maven.apache.org/maven2/com/fasterxml/jackson/jackson-parent/2.19.2/jackson-parent-2.19.2.pom (7.2 kB at 8.5 kB/s)
#33 33.09 [INFO] Downloading from central: https://repo.maven.apache.org/maven2/com/fasterxml/oss-parent/68/oss-parent-68.pom
#33 34.74 [INFO] Downloaded from central: https://repo.maven.apache.org/maven2/com/fasterxml/oss-parent/68/oss-parent-68.pom (24 kB at 14 kB/s)
#33 34.76 [INFO] Downloading from central: https://repo.maven.apache.org/maven2/org/glassfish/jersey/jersey-bom/3.1.10/jersey-bom-3.1.10.pom
#33 36.90 [INFO] Downloaded from central: https://repo.maven.apache.org/maven2/org/glassfish/jersey/jersey-bom/3.1.10/jersey-bom-3.1.10.pom (21 kB at 9.7 kB/s)
#33 36.92 [INFO] Downloading from central: https://repo.maven.apache.org/maven2/org/eclipse/jetty/ee10/jetty-ee10-bom/12.0.22/jetty-ee10-bom-12.0.22.pom
#33 38.86 [INFO] Downloaded from central: https://repo.maven.apache.org/maven2/org/eclipse/jetty/ee10/jetty-ee10-bom/12.0.22/jetty-ee10-bom-12.0.22.pom (9.6 kB at 4.9 kB/s)
#33 38.87 [INFO] Downloading from central: https://repo.maven.apache.org/maven2/org/eclipse/jetty/jetty-bom/12.0.22/jetty-bom-12.0.22.pom
#33 40.91 [INFO] Downloaded from central: https://repo.maven.apache.org/maven2/org/eclipse/jetty/jetty-bom/12.0.22/jetty-bom-12.0.22.pom (15 kB at 7.2 kB/s)
#33 40.93 [INFO] Downloading from central: https://repo.maven.apache.org/maven2/org/junit/junit-bom/5.12.2/junit-bom-5.12.2.pom
#33 41.53 [INFO] Downloaded from central: https://repo.maven.apache.org/maven2/org/junit/junit-bom/5.12.2/junit-bom-5.12.2.pom (5.6 kB at 9.3 kB/s)
#33 41.55 [INFO] Downloading from central: https://repo.maven.apache.org/maven2/org/jetbrains/kotlin/kotlin-bom/1.9.25/kotlin-bom-1.9.25.pom
#33 44.06 [INFO] Downloaded from central: https://repo.maven.apache.org/maven2/org/jetbrains/kotlin/kotlin-bom/1.9.25/kotlin-bom-1.9.25.pom (9.1 kB at 3.6 kB/s)
#33 44.08 [INFO] Downloading from central: https://repo.maven.apache.org/maven2/org/jetbrains/kotlinx/kotlinx-coroutines-bom/1.8.1/kotlinx-coroutines-bom-1.8.1.pom
#33 44.62 [INFO] Downloaded from central: https://repo.maven.apache.org/maven2/org/jetbrains/kotlinx/kotlinx-coroutines-bom/1.8.1/kotlinx-coroutines-bom-1.8.1.pom (4.3 kB at 7.8 kB/s)
#33 44.64 [INFO] Downloading from central: https://repo.maven.apache.org/maven2/org/jetbrains/kotlinx/kotlinx-serialization-bom/1.6.3/kotlinx-serialization-bom-1.6.3.pom
#33 45.27 [INFO] Downloaded from central: https://repo.maven.apache.org/maven2/org/jetbrains/kotlinx/kotlinx-serialization-bom/1.6.3/kotlinx-serialization-bom-1.6.3.pom (3.7 kB at 5.8 kB/s)
#33 45.28 [INFO] Downloading from central: https://repo.maven.apache.org/maven2/org/apache/logging/log4j/log4j-bom/2.24.3/log4j-bom-2.24.3.pom
#33 46.74 [INFO] Downloaded from central: https://repo.maven.apache.org/maven2/org/apache/logging/log4j/log4j-bom/2.24.3/log4j-bom-2.24.3.pom (12 kB at 8.4 kB/s)
#33 46.76 [INFO] Downloading from central: https://repo.maven.apache.org/maven2/org/apache/logging/logging-parent/11.3.0/logging-parent-11.3.0.pom
#33 52.58 [INFO] Downloaded from central: https://repo.maven.apache.org/maven2/org/apache/logging/logging-parent/11.3.0/logging-parent-11.3.0.pom (53 kB at 9.1 kB/s)
#33 52.60 [INFO] Downloading from central: https://repo.maven.apache.org/maven2/io/micrometer/micrometer-bom/1.15.1/micrometer-bom-1.15.1.pom
#33 53.44 [INFO] Downloaded from central: https://repo.maven.apache.org/maven2/io/micrometer/micrometer-bom/1.15.1/micrometer-bom-1.15.1.pom (8.6 kB at 10 kB/s)
#33 53.46 [INFO] Downloading from central: https://repo.maven.apache.org/maven2/io/micrometer/micrometer-tracing-bom/1.5.1/micrometer-tracing-bom-1.5.1.pom
#33 53.98 [INFO] Downloaded from central: https://repo.maven.apache.org/maven2/io/micrometer/micrometer-tracing-bom/1.5.1/micrometer-tracing-bom-1.5.1.pom (4.5 kB at 8.7 kB/s)
#33 54.00 [INFO] Downloading from central: https://repo.maven.apache.org/maven2/org/mockito/mockito-bom/5.17.0/mockito-bom-5.17.0.pom
#33 54.38 [INFO] Downloaded from central: https://repo.maven.apache.org/maven2/org/mockito/mockito-bom/5.17.0/mockito-bom-5.17.0.pom (3.0 kB at 7.6 kB/s)
#33 54.39 [INFO] Downloading from central: https://repo.maven.apache.org/maven2/org/mongodb/mongodb-driver-bom/5.5.1/mongodb-driver-bom-5.5.1.pom
#33 54.82 [INFO] Downloaded from central: https://repo.maven.apache.org/maven2/org/mongodb/mongodb-driver-bom/5.5.1/mongodb-driver-bom-5.5.1.pom (4.2 kB at 9.7 kB/s)
#33 54.83 [INFO] Downloading from central: https://repo.maven.apache.org/maven2/io/netty/netty-bom/4.1.122.Final/netty-bom-4.1.122.Final.pom
#33 56.17 [INFO] Downloaded from central: https://repo.maven.apache.org/maven2/io/netty/netty-bom/4.1.122.Final/netty-bom-4.1.122.Final.pom (14 kB at 10 kB/s)
#33 56.18 [INFO] Downloading from central: https://repo.maven.apache.org/maven2/org/sonatype/oss/oss-parent/7/oss-parent-7.pom
#33 57.53 [INFO] Downloaded from central: https://repo.maven.apache.org/maven2/org/sonatype/oss/oss-parent/7/oss-parent-7.pom (4.8 kB at 3.6 kB/s)
#33 57.53 [INFO] Downloading from central: https://repo.maven.apache.org/maven2/io/opentelemetry/opentelemetry-bom/1.49.0/opentelemetry-bom-1.49.0.pom
#33 58.09 [INFO] Downloaded from central: https://repo.maven.apache.org/maven2/io/opentelemetry/opentelemetry-bom/1.49.0/opentelemetry-bom-1.49.0.pom (5.9 kB at 10 kB/s)
#33 58.10 [INFO] Downloading from central: https://repo.maven.apache.org/maven2/io/prometheus/prometheus-metrics-bom/1.3.8/prometheus-metrics-bom-1.3.8.pom
#33 58.62 [INFO] Downloaded from central: https://repo.maven.apache.org/maven2/io/prometheus/prometheus-metrics-bom/1.3.8/prometheus-metrics-bom-1.3.8.pom (5.4 kB at 10 kB/s)
#33 58.63 [INFO] Downloading from central: https://repo.maven.apache.org/maven2/io/prometheus/client_java_parent/1.3.8/client_java_parent-1.3.8.pom
#33 59.82 [INFO] Downloaded from central: https://repo.maven.apache.org/maven2/io/prometheus/client_java_parent/1.3.8/client_java_parent-1.3.8.pom (4.3 kB at 3.7 kB/s)
#33 59.82 [INFO] Downloading from central: https://repo.maven.apache.org/maven2/io/prometheus/simpleclient_bom/0.16.0/simpleclient_bom-0.16.0.pom
#33 60.39 [INFO] Downloaded from central: https://repo.maven.apache.org/maven2/io/prometheus/simpleclient_bom/0.16.0/simpleclient_bom-0.16.0.pom (6.0 kB at 11 kB/s)
#33 60.49 [INFO] Downloading from central: https://repo.maven.apache.org/maven2/io/prometheus/parent/0.16.0/parent-0.16.0.pom
#33 61.27 [INFO] Downloaded from central: https://repo.maven.apache.org/maven2/io/prometheus/parent/0.16.0/parent-0.16.0.pom (13 kB at 16 kB/s)
#33 61.28 [INFO] Downloading from central: https://repo.maven.apache.org/maven2/org/apache/pulsar/pulsar-bom/4.0.5/pulsar-bom-4.0.5.pom
#33 62.44 [INFO] Downloaded from central: https://repo.maven.apache.org/maven2/org/apache/pulsar/pulsar-bom/4.0.5/pulsar-bom-4.0.5.pom (25 kB at 22 kB/s)
#33 62.45 [INFO] Downloading from central: https://repo.maven.apache.org/maven2/org/apache/apache/29/apache-29.pom
#33 63.76 [INFO] Downloaded from central: https://repo.maven.apache.org/maven2/org/apache/apache/29/apache-29.pom (21 kB at 16 kB/s)
#33 63.79 [INFO] Downloading from central: https://repo.maven.apache.org/maven2/org/apache/pulsar/pulsar-client-reactive-bom/0.6.0/pulsar-client-reactive-bom-0.6.0.pom
#33 64.18 [INFO] Downloaded from central: https://repo.maven.apache.org/maven2/org/apache/pulsar/pulsar-client-reactive-bom/0.6.0/pulsar-client-reactive-bom-0.6.0.pom (2.8 kB at 7.0 kB/s)
#33 64.19 [INFO] Downloading from central: https://repo.maven.apache.org/maven2/com/querydsl/querydsl-bom/5.1.0/querydsl-bom-5.1.0.pom
#33 64.70 [INFO] Downloaded from central: https://repo.maven.apache.org/maven2/com/querydsl/querydsl-bom/5.1.0/querydsl-bom-5.1.0.pom (7.2 kB at 14 kB/s)
#33 64.71 [INFO] Downloading from central: https://repo.maven.apache.org/maven2/io/projectreactor/reactor-bom/2024.0.7/reactor-bom-2024.0.7.pom
#33 65.62 [INFO] Downloaded from central: https://repo.maven.apache.org/maven2/io/projectreactor/reactor-bom/2024.0.7/reactor-bom-2024.0.7.pom (4.8 kB at 5.2 kB/s)
#33 65.63 [INFO] Downloading from central: https://repo.maven.apache.org/maven2/io/rest-assured/rest-assured-bom/5.5.5/rest-assured-bom-5.5.5.pom
#33 67.00 [INFO] Downloaded from central: https://repo.maven.apache.org/maven2/io/rest-assured/rest-assured-bom/5.5.5/rest-assured-bom-5.5.5.pom (4.7 kB at 3.4 kB/s)
#33 67.94 [INFO] Downloading from central: https://repo.maven.apache.org/maven2/io/rsocket/rsocket-bom/1.1.5/rsocket-bom-1.1.5.pom
#33 68.51 [INFO] Downloaded from central: https://repo.maven.apache.org/maven2/io/rsocket/rsocket-bom/1.1.5/rsocket-bom-1.1.5.pom (2.4 kB at 4.1 kB/s)
#33 68.53 [INFO] Downloading from central: https://repo.maven.apache.org/maven2/org/seleniumhq/selenium/selenium-bom/4.31.0/selenium-bom-4.31.0.pom
#33 69.91 [INFO] Downloaded from central: https://repo.maven.apache.org/maven2/org/seleniumhq/selenium/selenium-bom/4.31.0/selenium-bom-4.31.0.pom (5.8 kB at 4.2 kB/s)
#33 70.09 [INFO] Downloading from central: https://repo.maven.apache.org/maven2/org/springframework/amqp/spring-amqp-bom/3.2.5/spring-amqp-bom-3.2.5.pom
#33 70.67 [INFO] Downloaded from central: https://repo.maven.apache.org/maven2/org/springframework/amqp/spring-amqp-bom/3.2.5/spring-amqp-bom-3.2.5.pom (3.9 kB at 6.6 kB/s)
#33 70.68 [INFO] Downloading from central: https://repo.maven.apache.org/maven2/org/springframework/batch/spring-batch-bom/5.2.2/spring-batch-bom-5.2.2.pom
#33 71.08 [INFO] Downloaded from central: https://repo.maven.apache.org/maven2/org/springframework/batch/spring-batch-bom/5.2.2/spring-batch-bom-5.2.2.pom (3.2 kB at 8.2 kB/s)
#33 71.08 [INFO] Downloading from central: https://repo.maven.apache.org/maven2/org/springframework/data/spring-data-bom/2025.0.1/spring-data-bom-2025.0.1.pom
#33 71.60 [INFO] Downloaded from central: https://repo.maven.apache.org/maven2/org/springframework/data/spring-data-bom/2025.0.1/spring-data-bom-2025.0.1.pom (5.5 kB at 11 kB/s)
#33 71.62 [INFO] Downloading from central: https://repo.maven.apache.org/maven2/org/springframework/spring-framework-bom/6.2.8/spring-framework-bom-6.2.8.pom
#33 72.70 [INFO] Downloaded from central: https://repo.maven.apache.org/maven2/org/springframework/spring-framework-bom/6.2.8/spring-framework-bom-6.2.8.pom (5.8 kB at 5.4 kB/s)
#33 72.72 [INFO] Downloading from central: https://repo.maven.apache.org/maven2/org/springframework/integration/spring-integration-bom/6.5.0/spring-integration-bom-6.5.0.pom
#33 74.78 [INFO] Downloaded from central: https://repo.maven.apache.org/maven2/org/springframework/integration/spring-integration-bom/6.5.0/spring-integration-bom-6.5.0.pom (10 kB at 5.0 kB/s)
#33 74.79 [INFO] Downloading from central: https://repo.maven.apache.org/maven2/org/springframework/pulsar/spring-pulsar-bom/1.2.7/spring-pulsar-bom-1.2.7.pom
#33 76.23 [INFO] Downloaded from central: https://repo.maven.apache.org/maven2/org/springframework/pulsar/spring-pulsar-bom/1.2.7/spring-pulsar-bom-1.2.7.pom (2.9 kB at 2.0 kB/s)
#33 76.24 [INFO] Downloading from central: https://repo.maven.apache.org/maven2/org/springframework/restdocs/spring-restdocs-bom/3.0.4/spring-restdocs-bom-3.0.4.pom
#33 76.80 [INFO] Downloaded from central: https://repo.maven.apache.org/maven2/org/springframework/restdocs/spring-restdocs-bom/3.0.4/spring-restdocs-bom-3.0.4.pom (2.6 kB at 4.6 kB/s)
#33 76.81 [INFO] Downloading from central: https://repo.maven.apache.org/maven2/org/springframework/security/spring-security-bom/6.5.1/spring-security-bom-6.5.1.pom
#33 77.42 [INFO] Downloaded from central: https://repo.maven.apache.org/maven2/org/springframework/security/spring-security-bom/6.5.1/spring-security-bom-6.5.1.pom (5.3 kB at 8.8 kB/s)
#33 77.43 [INFO] Downloading from central: https://repo.maven.apache.org/maven2/org/springframework/session/spring-session-bom/3.5.1/spring-session-bom-3.5.1.pom
#33 77.97 [INFO] Downloaded from central: https://repo.maven.apache.org/maven2/org/springframework/session/spring-session-bom/3.5.1/spring-session-bom-3.5.1.pom (2.9 kB at 5.3 kB/s)
#33 77.98 [INFO] Downloading from central: https://repo.maven.apache.org/maven2/org/springframework/ws/spring-ws-bom/4.1.0/spring-ws-bom-4.1.0.pom
#33 78.32 [INFO] Downloaded from central: https://repo.maven.apache.org/maven2/org/springframework/ws/spring-ws-bom/4.1.0/spring-ws-bom-4.1.0.pom (2.3 kB at 6.9 kB/s)
#33 78.33 [INFO] Downloading from central: https://repo.maven.apache.org/maven2/org/testcontainers/testcontainers-bom/1.21.2/testcontainers-bom-1.21.2.pom
#33 80.43 [INFO] Downloaded from central: https://repo.maven.apache.org/maven2/org/testcontainers/testcontainers-bom/1.21.2/testcontainers-bom-1.21.2.pom (12 kB at 5.5 kB/s)
#33 80.46 [INFO] Downloading from central: https://repo.maven.apache.org/maven2/org/springframework/cloud/spring-cloud-dependencies/2025.0.0/spring-cloud-dependencies-2025.0.0.pom
#33 81.84 [INFO] Downloaded from central: https://repo.maven.apache.org/maven2/org/springframework/cloud/spring-cloud-dependencies/2025.0.0/spring-cloud-dependencies-2025.0.0.pom (10 kB at 7.4 kB/s)
#33 81.86 [INFO] Downloading from central: https://repo.maven.apache.org/maven2/org/springframework/cloud/spring-cloud-dependencies-parent/4.3.0/spring-cloud-dependencies-parent-4.3.0.pom
#33 82.67 [INFO] Downloaded from central: https://repo.maven.apache.org/maven2/org/springframework/cloud/spring-cloud-dependencies-parent/4.3.0/spring-cloud-dependencies-parent-4.3.0.pom (7.6 kB at 9.3 kB/s)
#33 82.69 [INFO] Downloading from central: https://repo.maven.apache.org/maven2/org/springframework/cloud/spring-cloud-commons-dependencies/4.3.0/spring-cloud-commons-dependencies-4.3.0.pom
#33 83.30 [INFO] Downloaded from central: https://repo.maven.apache.org/maven2/org/springframework/cloud/spring-cloud-commons-dependencies/4.3.0/spring-cloud-commons-dependencies-4.3.0.pom (6.9 kB at 11 kB/s)
#33 83.32 [INFO] Downloading from central: https://repo.maven.apache.org/maven2/com/squareup/okhttp3/okhttp-bom/4.12.0/okhttp-bom-4.12.0.pom
#33 83.71 [INFO] Downloaded from central: https://repo.maven.apache.org/maven2/com/squareup/okhttp3/okhttp-bom/4.12.0/okhttp-bom-4.12.0.pom (3.1 kB at 7.8 kB/s)
#33 83.71 [INFO] Downloading from central: https://repo.maven.apache.org/maven2/org/springframework/cloud/spring-cloud-netflix-dependencies/4.3.0/spring-cloud-netflix-dependencies-4.3.0.pom
#33 85.24 [INFO] Downloaded from central: https://repo.maven.apache.org/maven2/org/springframework/cloud/spring-cloud-netflix-dependencies/4.3.0/spring-cloud-netflix-dependencies-4.3.0.pom (9.9 kB at 6.5 kB/s)
#33 85.26 [INFO] Downloading from central: https://repo.maven.apache.org/maven2/org/springframework/cloud/spring-cloud-stream-dependencies/4.3.0/spring-cloud-stream-dependencies-4.3.0.pom
#33 86.16 [INFO] Downloaded from central: https://repo.maven.apache.org/maven2/org/springframework/cloud/spring-cloud-stream-dependencies/4.3.0/spring-cloud-stream-dependencies-4.3.0.pom (8.6 kB at 9.5 kB/s)
#33 86.18 [INFO] Downloading from central: https://repo.maven.apache.org/maven2/org/springframework/cloud/spring-cloud-task-dependencies/3.3.0/spring-cloud-task-dependencies-3.3.0.pom
#33 87.01 [INFO] Downloaded from central: https://repo.maven.apache.org/maven2/org/springframework/cloud/spring-cloud-task-dependencies/3.3.0/spring-cloud-task-dependencies-3.3.0.pom (5.8 kB at 7.0 kB/s)
#33 87.02 [INFO] Downloading from central: https://repo.maven.apache.org/maven2/org/springframework/cloud/spring-cloud-circuitbreaker-dependencies/3.3.0/spring-cloud-circuitbreaker-dependencies-3.3.0.pom
#33 88.33 [INFO] Downloaded from central: https://repo.maven.apache.org/maven2/org/springframework/cloud/spring-cloud-circuitbreaker-dependencies/3.3.0/spring-cloud-circuitbreaker-dependencies-3.3.0.pom (6.7 kB at 5.1 kB/s)
#33 88.34 [INFO] Downloading from central: https://repo.maven.apache.org/maven2/io/github/resilience4j/resilience4j-bom/2.2.0/resilience4j-bom-2.2.0.pom
#33 88.91 [INFO] Downloaded from central: https://repo.maven.apache.org/maven2/io/github/resilience4j/resilience4j-bom/2.2.0/resilience4j-bom-2.2.0.pom (6.4 kB at 11 kB/s)
#33 88.93 [INFO] Downloading from central: https://repo.maven.apache.org/maven2/org/springframework/cloud/spring-cloud-config-dependencies/4.3.0/spring-cloud-config-dependencies-4.3.0.pom
#33 89.76 [INFO] Downloaded from central: https://repo.maven.apache.org/maven2/org/springframework/cloud/spring-cloud-config-dependencies/4.3.0/spring-cloud-config-dependencies-4.3.0.pom (7.7 kB at 9.3 kB/s)
#33 89.78 [INFO] Downloading from central: https://repo.maven.apache.org/maven2/org/springframework/cloud/spring-cloud-function-dependencies/4.3.0/spring-cloud-function-dependencies-4.3.0.pom
#33 90.38 [INFO] Downloaded from central: https://repo.maven.apache.org/maven2/org/springframework/cloud/spring-cloud-function-dependencies/4.3.0/spring-cloud-function-dependencies-4.3.0.pom (7.0 kB at 12 kB/s)
#33 90.39 [INFO] Downloading from central: https://repo.maven.apache.org/maven2/org/springframework/cloud/spring-cloud-gateway-dependencies/4.3.0/spring-cloud-gateway-dependencies-4.3.0.pom
#33 91.47 [INFO] Downloaded from central: https://repo.maven.apache.org/maven2/org/springframework/cloud/spring-cloud-gateway-dependencies/4.3.0/spring-cloud-gateway-dependencies-4.3.0.pom (7.7 kB at 7.1 kB/s)
#33 91.49 [INFO] Downloading from central: https://repo.maven.apache.org/maven2/org/springframework/cloud/spring-cloud-consul-dependencies/4.3.0/spring-cloud-consul-dependencies-4.3.0.pom
#33 92.57 [INFO] Downloaded from central: https://repo.maven.apache.org/maven2/org/springframework/cloud/spring-cloud-consul-dependencies/4.3.0/spring-cloud-consul-dependencies-4.3.0.pom (7.5 kB at 6.9 kB/s)
#33 92.58 [INFO] Downloading from central: https://repo.maven.apache.org/maven2/org/springframework/cloud/spring-cloud-vault-dependencies/4.3.0/spring-cloud-vault-dependencies-4.3.0.pom
#33 93.18 [INFO] Downloaded from central: https://repo.maven.apache.org/maven2/org/springframework/cloud/spring-cloud-vault-dependencies/4.3.0/spring-cloud-vault-dependencies-4.3.0.pom (6.2 kB at 10 kB/s)
#33 93.19 [INFO] Downloading from central: https://repo.maven.apache.org/maven2/org/springframework/cloud/spring-cloud-zookeeper-dependencies/4.3.0/spring-cloud-zookeeper-dependencies-4.3.0.pom
#33 93.84 [INFO] Downloaded from central: https://repo.maven.apache.org/maven2/org/springframework/cloud/spring-cloud-zookeeper-dependencies/4.3.0/spring-cloud-zookeeper-dependencies-4.3.0.pom (8.9 kB at 14 kB/s)
#33 93.85 [INFO] Downloading from central: https://repo.maven.apache.org/maven2/org/springframework/cloud/spring-cloud-bus-dependencies/4.3.0/spring-cloud-bus-dependencies-4.3.0.pom
#33 94.36 [INFO] Downloaded from central: https://repo.maven.apache.org/maven2/org/springframework/cloud/spring-cloud-bus-dependencies/4.3.0/spring-cloud-bus-dependencies-4.3.0.pom (6.1 kB at 12 kB/s)
#33 94.37 [INFO] Downloading from central: https://repo.maven.apache.org/maven2/org/springframework/cloud/spring-cloud-contract-dependencies/4.3.0/spring-cloud-contract-dependencies-4.3.0.pom
#33 94.93 [INFO] Downloaded from central: https://repo.maven.apache.org/maven2/org/springframework/cloud/spring-cloud-contract-dependencies/4.3.0/spring-cloud-contract-dependencies-4.3.0.pom (8.7 kB at 16 kB/s)
#33 94.95 [INFO] Downloading from central: https://repo.maven.apache.org/maven2/org/springframework/cloud/spring-cloud-openfeign-dependencies/4.3.0/spring-cloud-openfeign-dependencies-4.3.0.pom
#33 95.39 [INFO] Downloaded from central: https://repo.maven.apache.org/maven2/org/springframework/cloud/spring-cloud-openfeign-dependencies/4.3.0/spring-cloud-openfeign-dependencies-4.3.0.pom (5.9 kB at 13 kB/s)
#33 95.39 [INFO] Downloading from central: https://repo.maven.apache.org/maven2/io/github/openfeign/feign-bom/13.6/feign-bom-13.6.pom
#33 95.93 [INFO] Downloaded from central: https://repo.maven.apache.org/maven2/io/github/openfeign/feign-bom/13.6/feign-bom-13.6.pom (8.5 kB at 16 kB/s)
#33 95.94 [INFO] Downloading from central: https://repo.maven.apache.org/maven2/org/springframework/cloud/spring-cloud-kubernetes-dependencies/3.3.0/spring-cloud-kubernetes-dependencies-3.3.0.pom
#33 97.21 [INFO] Downloaded from central: https://repo.maven.apache.org/maven2/org/springframework/cloud/spring-cloud-kubernetes-dependencies/3.3.0/spring-cloud-kubernetes-dependencies-3.3.0.pom (12 kB at 9.4 kB/s)
#33 97.22 [INFO] Downloading from central: https://repo.maven.apache.org/maven2/io/fabric8/kubernetes-client-bom/7.3.1/kubernetes-client-bom-7.3.1.pom
#33 98.59 [INFO] Downloaded from central: https://repo.maven.apache.org/maven2/io/fabric8/kubernetes-client-bom/7.3.1/kubernetes-client-bom-7.3.1.pom (21 kB at 15 kB/s)
#33 98.60 [INFO] Downloading from central: https://repo.maven.apache.org/maven2/com/alibaba/cloud/spring-cloud-alibaba-dependencies/2022.0.0.0/spring-cloud-alibaba-dependencies-2022.0.0.0.pom
#33 99.62 [INFO] Downloaded from central: https://repo.maven.apache.org/maven2/com/alibaba/cloud/spring-cloud-alibaba-dependencies/2022.0.0.0/spring-cloud-alibaba-dependencies-2022.0.0.0.pom (11 kB at 11 kB/s)
#33 99.64 [INFO] Downloading from central: https://repo.maven.apache.org/maven2/org/springframework/cloud/spring-cloud-dependencies-parent/4.0.0/spring-cloud-dependencies-parent-4.0.0.pom
#33 100.5 [INFO] Downloaded from central: https://repo.maven.apache.org/maven2/org/springframework/cloud/spring-cloud-dependencies-parent/4.0.0/spring-cloud-dependencies-parent-4.0.0.pom (8.1 kB at 9.6 kB/s)
#33 100.5 [INFO] Downloading from central: https://repo.maven.apache.org/maven2/org/apache/dubbo/dubbo-bom/3.2.4/dubbo-bom-3.2.4.pom
#33 102.4 [INFO] Downloaded from central: https://repo.maven.apache.org/maven2/org/apache/dubbo/dubbo-bom/3.2.4/dubbo-bom-3.2.4.pom (26 kB at 14 kB/s)
#33 102.7 [INFO] Downloading from central: https://repo.maven.apache.org/maven2/kr/motd/maven/os-maven-plugin/1.6.1/os-maven-plugin-1.6.1.pom
#33 103.2 [INFO] Downloaded from central: https://repo.maven.apache.org/maven2/kr/motd/maven/os-maven-plugin/1.6.1/os-maven-plugin-1.6.1.pom (6.3 kB at 12 kB/s)
#33 103.2 [INFO] Downloading from central: https://repo.maven.apache.org/maven2/org/sonatype/oss/oss-parent/9/oss-parent-9.pom
#33 104.5 [INFO] Downloaded from central: https://repo.maven.apache.org/maven2/org/sonatype/oss/oss-parent/9/oss-parent-9.pom (6.6 kB at 5.2 kB/s)
#33 104.5 [INFO] Downloading from central: https://repo.maven.apache.org/maven2/org/apache/maven/maven-plugin-api/3.5.3/maven-plugin-api-3.5.3.pom
#33 104.9 [INFO] Downloaded from central: https://repo.maven.apache.org/maven2/org/apache/maven/maven-plugin-api/3.5.3/maven-plugin-api-3.5.3.pom (2.9 kB at 7.9 kB/s)
#33 104.9 [INFO] Downloading from central: https://repo.maven.apache.org/maven2/org/apache/maven/maven/3.5.3/maven-3.5.3.pom
#33 107.4 [INFO] Downloaded from central: https://repo.maven.apache.org/maven2/org/apache/maven/maven/3.5.3/maven-3.5.3.pom (23 kB at 9.3 kB/s)
#33 107.4 [INFO] Downloading from central: https://repo.maven.apache.org/maven2/org/apache/maven/maven-parent/31/maven-parent-31.pom
#33 111.4 [INFO] Downloaded from central: https://repo.maven.apache.org/maven2/org/apache/maven/maven-parent/31/maven-parent-31.pom (43 kB at 11 kB/s)
#33 111.4 [INFO] Downloading from central: https://repo.maven.apache.org/maven2/org/apache/apache/19/apache-19.pom
#33 113.4 [INFO] Downloaded from central: https://repo.maven.apache.org/maven2/org/apache/apache/19/apache-19.pom (15 kB at 7.7 kB/s)
#33 113.6 [INFO] Downloading from central: https://repo.maven.apache.org/maven2/org/apache/maven/maven-model/3.5.3/maven-model-3.5.3.pom
#33 114.1 [INFO] Downloaded from central: https://repo.maven.apache.org/maven2/org/apache/maven/maven-model/3.5.3/maven-model-3.5.3.pom (4.0 kB at 7.6 kB/s)
#33 114.1 [INFO] Downloading from central: https://repo.maven.apache.org/maven2/org/codehaus/plexus/plexus-utils/3.1.0/plexus-utils-3.1.0.pom
#33 114.9 [INFO] Downloaded from central: https://repo.maven.apache.org/maven2/org/codehaus/plexus/plexus-utils/3.1.0/plexus-utils-3.1.0.pom (4.7 kB at 6.1 kB/s)
#33 114.9 [INFO] Downloading from central: https://repo.maven.apache.org/maven2/org/codehaus/plexus/plexus/4.0/plexus-4.0.pom
#33 117.0 [INFO] Downloaded from central: https://repo.maven.apache.org/maven2/org/codehaus/plexus/plexus/4.0/plexus-4.0.pom (22 kB at 10 kB/s)
#33 117.0 [INFO] Downloading from central: https://repo.maven.apache.org/maven2/org/sonatype/forge/forge-parent/10/forge-parent-10.pom
#33 117.9 [INFO] Downloaded from central: https://repo.maven.apache.org/maven2/org/sonatype/forge/forge-parent/10/forge-parent-10.pom (14 kB at 15 kB/s)
#33 117.9 [INFO] Downloading from central: https://repo.maven.apache.org/maven2/org/apache/commons/commons-lang3/3.5/commons-lang3-3.5.pom
#33 119.7 [INFO] Downloaded from central: https://repo.maven.apache.org/maven2/org/apache/commons/commons-lang3/3.5/commons-lang3-3.5.pom (23 kB at 13 kB/s)
#33 119.8 [INFO] Downloading from central: https://repo.maven.apache.org/maven2/org/apache/commons/commons-parent/41/commons-parent-41.pom
#33 123.3 [INFO] Downloaded from central: https://repo.maven.apache.org/maven2/org/apache/commons/commons-parent/41/commons-parent-41.pom (65 kB at 18 kB/s)
#33 123.4 [INFO] Downloading from central: https://repo.maven.apache.org/maven2/org/apache/apache/18/apache-18.pom
#33 125.0 [INFO] Downloaded from central: https://repo.maven.apache.org/maven2/org/apache/apache/18/apache-18.pom (16 kB at 9.9 kB/s)
#33 125.0 [INFO] Downloading from central: https://repo.maven.apache.org/maven2/org/apache/maven/maven-artifact/3.5.3/maven-artifact-3.5.3.pom
#33 125.5 [INFO] Downloaded from central: https://repo.maven.apache.org/maven2/org/apache/maven/maven-artifact/3.5.3/maven-artifact-3.5.3.pom (2.1 kB at 4.1 kB/s)
#33 125.6 [INFO] Downloading from central: https://repo.maven.apache.org/maven2/org/eclipse/sisu/org.eclipse.sisu.plexus/0.3.3/org.eclipse.sisu.plexus-0.3.3.pom
#33 126.1 [INFO] Downloaded from central: https://repo.maven.apache.org/maven2/org/eclipse/sisu/org.eclipse.sisu.plexus/0.3.3/org.eclipse.sisu.plexus-0.3.3.pom (4.2 kB at 7.7 kB/s)
#33 126.1 [INFO] Downloading from central: https://repo.maven.apache.org/maven2/org/eclipse/sisu/sisu-plexus/0.3.3/sisu-plexus-0.3.3.pom
#33 127.3 [INFO] Downloaded from central: https://repo.maven.apache.org/maven2/org/eclipse/sisu/sisu-plexus/0.3.3/sisu-plexus-0.3.3.pom (14 kB at 11 kB/s)
#33 127.3 [INFO] Downloading from central: https://repo.maven.apache.org/maven2/javax/enterprise/cdi-api/1.0/cdi-api-1.0.pom
#33 127.6 [INFO] Downloaded from central: https://repo.maven.apache.org/maven2/javax/enterprise/cdi-api/1.0/cdi-api-1.0.pom (1.4 kB at 4.4 kB/s)
#33 127.7 [INFO] Downloading from central: https://repo.maven.apache.org/maven2/org/jboss/weld/weld-api-parent/1.0/weld-api-parent-1.0.pom
#33 128.2 [INFO] Downloaded from central: https://repo.maven.apache.org/maven2/org/jboss/weld/weld-api-parent/1.0/weld-api-parent-1.0.pom (2.4 kB at 4.1 kB/s)
#33 128.2 [INFO] Downloading from central: https://repo.maven.apache.org/maven2/org/jboss/weld/weld-api-bom/1.0/weld-api-bom-1.0.pom
#33 129.1 [INFO] Downloaded from central: https://repo.maven.apache.org/maven2/org/jboss/weld/weld-api-bom/1.0/weld-api-bom-1.0.pom (7.9 kB at 9.0 kB/s)
#33 129.1 [INFO] Downloading from central: https://repo.maven.apache.org/maven2/org/jboss/weld/weld-parent/6/weld-parent-6.pom
#33 130.8 [INFO] Downloaded from central: https://repo.maven.apache.org/maven2/org/jboss/weld/weld-parent/6/weld-parent-6.pom (21 kB at 12 kB/s)
#33 130.8 [INFO] Downloading from central: https://repo.maven.apache.org/maven2/javax/annotation/jsr250-api/1.0/jsr250-api-1.0.pom
#33 131.1 [INFO] Downloaded from central: https://repo.maven.apache.org/maven2/javax/annotation/jsr250-api/1.0/jsr250-api-1.0.pom (1.0 kB at 3.7 kB/s)
#33 131.1 [INFO] Downloading from central: https://repo.maven.apache.org/maven2/javax/inject/javax.inject/1/javax.inject-1.pom
#33 132.2 [INFO] Downloaded from central: https://repo.maven.apache.org/maven2/javax/inject/javax.inject/1/javax.inject-1.pom (612 B at 587 B/s)
#33 132.2 [INFO] Downloading from central: https://repo.maven.apache.org/maven2/org/eclipse/sisu/org.eclipse.sisu.inject/0.3.3/org.eclipse.sisu.inject-0.3.3.pom
#33 132.5 [INFO] Downloaded from central: https://repo.maven.apache.org/maven2/org/eclipse/sisu/org.eclipse.sisu.inject/0.3.3/org.eclipse.sisu.inject-0.3.3.pom (2.6 kB at 7.2 kB/s)
#33 132.5 [INFO] Downloading from central: https://repo.maven.apache.org/maven2/org/eclipse/sisu/sisu-inject/0.3.3/sisu-inject-0.3.3.pom
#33 133.9 [INFO] Downloaded from central: https://repo.maven.apache.org/maven2/org/eclipse/sisu/sisu-inject/0.3.3/sisu-inject-0.3.3.pom (14 kB at 11 kB/s)
#33 133.9 [INFO] Downloading from central: https://repo.maven.apache.org/maven2/org/codehaus/plexus/plexus-component-annotations/1.5.5/plexus-component-annotations-1.5.5.pom
#33 134.2 [INFO] Downloaded from central: https://repo.maven.apache.org/maven2/org/codehaus/plexus/plexus-component-annotations/1.5.5/plexus-component-annotations-1.5.5.pom (815 B at 3.1 kB/s)
#33 134.2 [INFO] Downloading from central: https://repo.maven.apache.org/maven2/org/codehaus/plexus/plexus-containers/1.5.5/plexus-containers-1.5.5.pom
#33 134.8 [INFO] Downloaded from central: https://repo.maven.apache.org/maven2/org/codehaus/plexus/plexus-containers/1.5.5/plexus-containers-1.5.5.pom (4.2 kB at 7.3 kB/s)
#33 134.8 [INFO] Downloading from central: https://repo.maven.apache.org/maven2/org/codehaus/plexus/plexus/2.0.7/plexus-2.0.7.pom
#33 136.2 [INFO] Downloaded from central: https://repo.maven.apache.org/maven2/org/codehaus/plexus/plexus/2.0.7/plexus-2.0.7.pom (17 kB at 13 kB/s)
#33 136.2 [INFO] Downloading from central: https://repo.maven.apache.org/maven2/org/codehaus/plexus/plexus-classworlds/2.5.2/plexus-classworlds-2.5.2.pom
#33 137.5 [INFO] Downloaded from central: https://repo.maven.apache.org/maven2/org/codehaus/plexus/plexus-classworlds/2.5.2/plexus-classworlds-2.5.2.pom (7.3 kB at 5.7 kB/s)
#33 137.5 [INFO] Downloading from central: https://repo.maven.apache.org/maven2/org/codehaus/plexus/plexus/3.3.1/plexus-3.3.1.pom
#33 141.2 [INFO] Downloaded from central: https://repo.maven.apache.org/maven2/org/codehaus/plexus/plexus/3.3.1/plexus-3.3.1.pom (20 kB at 5.4 kB/s)
#33 141.2 [INFO] Downloading from central: https://repo.maven.apache.org/maven2/org/sonatype/spice/spice-parent/17/spice-parent-17.pom
#33 142.1 [INFO] Downloaded from central: https://repo.maven.apache.org/maven2/org/sonatype/spice/spice-parent/17/spice-parent-17.pom (6.8 kB at 7.7 kB/s)
#33 142.1 [INFO] Downloading from central: https://repo.maven.apache.org/maven2/org/codehaus/plexus/plexus-utils/3.0.17/plexus-utils-3.0.17.pom
#33 142.7 [INFO] Downloaded from central: https://repo.maven.apache.org/maven2/org/codehaus/plexus/plexus-utils/3.0.17/plexus-utils-3.0.17.pom (3.4 kB at 5.9 kB/s)
#33 142.7 [INFO] Downloading from central: https://repo.maven.apache.org/maven2/com/google/code/findbugs/jsr305/3.0.2/jsr305-3.0.2.pom
#33 144.3 [INFO] Downloaded from central: https://repo.maven.apache.org/maven2/com/google/code/findbugs/jsr305/3.0.2/jsr305-3.0.2.pom (4.3 kB at 2.8 kB/s)
#33 144.3 [INFO] Downloading from central: https://repo.maven.apache.org/maven2/kr/motd/maven/os-maven-plugin/1.6.1/os-maven-plugin-1.6.1.jar
#33 146.8 [INFO] Downloaded from central: https://repo.maven.apache.org/maven2/kr/motd/maven/os-maven-plugin/1.6.1/os-maven-plugin-1.6.1.jar (30 kB at 12 kB/s)
#33 146.8 [INFO] Downloading from central: https://repo.maven.apache.org/maven2/org/apache/maven/maven-plugin-api/3.5.3/maven-plugin-api-3.5.3.jar
#33 146.8 [INFO] Downloading from central: https://repo.maven.apache.org/maven2/org/apache/maven/maven-model/3.5.3/maven-model-3.5.3.jar
#33 146.8 [INFO] Downloading from central: https://repo.maven.apache.org/maven2/org/apache/commons/commons-lang3/3.5/commons-lang3-3.5.jar
#33 146.8 [INFO] Downloading from central: https://repo.maven.apache.org/maven2/org/apache/maven/maven-artifact/3.5.3/maven-artifact-3.5.3.jar
#33 146.8 [INFO] Downloading from central: https://repo.maven.apache.org/maven2/org/eclipse/sisu/org.eclipse.sisu.plexus/0.3.3/org.eclipse.sisu.plexus-0.3.3.jar
#33 148.9 [INFO] Downloaded from central: https://repo.maven.apache.org/maven2/org/apache/maven/maven-model/3.5.3/maven-model-3.5.3.jar (165 kB at 79 kB/s)
#33 148.9 [INFO] Downloading from central: https://repo.maven.apache.org/maven2/javax/enterprise/cdi-api/1.0/cdi-api-1.0.jar
#33 149.0 [INFO] Downloaded from central: https://repo.maven.apache.org/maven2/org/apache/maven/maven-artifact/3.5.3/maven-artifact-3.5.3.jar (55 kB at 24 kB/s)
#33 149.0 [INFO] Downloading from central: https://repo.maven.apache.org/maven2/javax/annotation/jsr250-api/1.0/jsr250-api-1.0.jar
#33 149.3 [INFO] Downloaded from central: https://repo.maven.apache.org/maven2/javax/annotation/jsr250-api/1.0/jsr250-api-1.0.jar (5.8 kB at 2.3 kB/s)
#33 149.3 [INFO] Downloading from central: https://repo.maven.apache.org/maven2/javax/inject/javax.inject/1/javax.inject-1.jar
#33 149.6 [INFO] Downloaded from central: https://repo.maven.apache.org/maven2/javax/inject/javax.inject/1/javax.inject-1.jar (2.5 kB at 886 B/s)
#33 149.6 [INFO] Downloading from central: https://repo.maven.apache.org/maven2/org/eclipse/sisu/org.eclipse.sisu.inject/0.3.3/org.eclipse.sisu.inject-0.3.3.jar
#33 149.9 [INFO] Downloaded from central: https://repo.maven.apache.org/maven2/javax/enterprise/cdi-api/1.0/cdi-api-1.0.jar (45 kB at 15 kB/s)
#33 149.9 [INFO] Downloading from central: https://repo.maven.apache.org/maven2/org/codehaus/plexus/plexus-component-annotations/1.5.5/plexus-component-annotations-1.5.5.jar
#33 150.7 [INFO] Downloaded from central: https://repo.maven.apache.org/maven2/org/apache/maven/maven-plugin-api/3.5.3/maven-plugin-api-3.5.3.jar (48 kB at 12 kB/s)
#33 150.7 [INFO] Downloading from central: https://repo.maven.apache.org/maven2/org/codehaus/plexus/plexus-classworlds/2.5.2/plexus-classworlds-2.5.2.jar
#33 151.0 [INFO] Downloaded from central: https://repo.maven.apache.org/maven2/org/codehaus/plexus/plexus-component-annotations/1.5.5/plexus-component-annotations-1.5.5.jar (4.2 kB at 1.0 kB/s)
#33 151.0 [INFO] Downloading from central: https://repo.maven.apache.org/maven2/org/codehaus/plexus/plexus-utils/3.1.0/plexus-utils-3.1.0.jar
#33 151.0 [INFO] Downloaded from central: https://repo.maven.apache.org/maven2/org/eclipse/sisu/org.eclipse.sisu.plexus/0.3.3/org.eclipse.sisu.plexus-0.3.3.jar (205 kB at 49 kB/s)
#33 151.0 [INFO] Downloading from central: https://repo.maven.apache.org/maven2/com/google/code/findbugs/jsr305/3.0.2/jsr305-3.0.2.jar
#33 151.6 [INFO] Downloaded from central: https://repo.maven.apache.org/maven2/com/google/code/findbugs/jsr305/3.0.2/jsr305-3.0.2.jar (20 kB at 4.1 kB/s)
#33 155.6 [INFO] Downloaded from central: https://repo.maven.apache.org/maven2/org/codehaus/plexus/plexus-classworlds/2.5.2/plexus-classworlds-2.5.2.jar (53 kB at 6.0 kB/s)
#33 168.0 [INFO] Downloaded from central: https://repo.maven.apache.org/maven2/org/codehaus/plexus/plexus-utils/3.1.0/plexus-utils-3.1.0.jar (262 kB at 12 kB/s)
#33 169.7 [INFO] Downloaded from central: https://repo.maven.apache.org/maven2/org/eclipse/sisu/org.eclipse.sisu.inject/0.3.3/org.eclipse.sisu.inject-0.3.3.jar (379 kB at 17 kB/s)
#33 174.2 [INFO] Downloaded from central: https://repo.maven.apache.org/maven2/org/apache/commons/commons-lang3/3.5/commons-lang3-3.5.jar (480 kB at 18 kB/s)
#33 174.4 [INFO] ------------------------------------------------------------------------
#33 174.4 [INFO] Detecting the operating system and CPU architecture
#33 174.4 [INFO] ------------------------------------------------------------------------
#33 174.4 [INFO] os.detected.name: linux
#33 174.4 [INFO] os.detected.arch: x86_64
#33 174.4 [INFO] os.detected.version: 3.10
#33 174.4 [INFO] os.detected.version.major: 3
#33 174.4 [INFO] os.detected.version.minor: 10
#33 174.4 [INFO] os.detected.release: alpine
#33 174.4 [INFO] os.detected.release.version: 3.21.4
#33 174.4 [INFO] os.detected.release.like.alpine: true
#33 174.4 [INFO] os.detected.classifier: linux-x86_64
#33 174.4 [INFO] ------------------------------------------------------------------------
#33 174.4 [INFO] Reactor Build Order:
#33 174.4 [INFO] 
#33 174.4 [INFO] widdo-bom                                                          [pom]
#33 174.4 [INFO] widdo                                                              [pom]
#33 174.4 [INFO] widdo-packages                                                     [pom]
#33 174.4 [INFO] widdo-assistant                                                    [jar]
#33 174.4 [INFO] widdo-cache                                                        [jar]
#33 174.4 [INFO] widdo-data                                                         [jar]
#33 174.4 [INFO] widdo-docs                                                         [jar]
#33 174.4 [INFO] widdo-register                                                     [jar]
#33 174.4 [INFO] widdo-gateway                                                      [jar]
#33 174.4 [INFO] widdo-starters                                                     [pom]
#33 174.4 [INFO] widdo-starter-neo4j                                                [jar]
#33 174.4 [INFO] widdo-starter-orientdb                                             [jar]
#33 174.4 [INFO] widdo-starter-jena                                                 [jar]
#33 174.4 [INFO] widdo-starter-hadoop                                               [jar]
#33 174.4 [INFO] widdo-starter-sql                                                  [jar]
#33 174.4 [INFO] widdo-starter-elasticsearch                                        [jar]
#33 174.4 [INFO] widdo-autoconfigure                                                [jar]
#33 174.4 [INFO] widdo-services                                                     [pom]
#33 174.4 [INFO] widdo-life                                                         [jar]
#33 174.4 [INFO] widdo-study                                                        [jar]
#33 174.4 [INFO] widdo-hadoop                                                       [jar]
#33 174.4 [INFO] Downloading from central: https://repo.maven.apache.org/maven2/org/apache/maven/plugins/maven-clean-plugin/3.2.0/maven-clean-plugin-3.2.0.pom
#33 176.4 [INFO] Downloaded from central: https://repo.maven.apache.org/maven2/org/apache/maven/plugins/maven-clean-plugin/3.2.0/maven-clean-plugin-3.2.0.pom (5.3 kB at 2.7 kB/s)
#33 176.4 [INFO] Downloading from central: https://repo.maven.apache.org/maven2/org/apache/maven/plugins/maven-plugins/35/maven-plugins-35.pom
#33 177.7 [INFO] Downloaded from central: https://repo.maven.apache.org/maven2/org/apache/maven/plugins/maven-plugins/35/maven-plugins-35.pom (9.9 kB at 7.9 kB/s)
#33 177.7 [INFO] Downloading from central: https://repo.maven.apache.org/maven2/org/apache/maven/maven-parent/35/maven-parent-35.pom
#33 182.0 [INFO] Downloaded from central: https://repo.maven.apache.org/maven2/org/apache/maven/maven-parent/35/maven-parent-35.pom (45 kB at 10 kB/s)
#33 182.1 [INFO] Downloading from central: https://repo.maven.apache.org/maven2/org/apache/apache/25/apache-25.pom
#33 184.2 [INFO] Downloaded from central: https://repo.maven.apache.org/maven2/org/apache/apache/25/apache-25.pom (21 kB at 9.5 kB/s)
#33 184.3 [INFO] Downloading from central: https://repo.maven.apache.org/maven2/org/apache/maven/plugins/maven-clean-plugin/3.2.0/maven-clean-plugin-3.2.0.jar
#33 186.1 [INFO] Downloaded from central: https://repo.maven.apache.org/maven2/org/apache/maven/plugins/maven-clean-plugin/3.2.0/maven-clean-plugin-3.2.0.jar (36 kB at 20 kB/s)
#33 186.1 [INFO] Downloading from central: https://repo.maven.apache.org/maven2/org/apache/maven/plugins/maven-install-plugin/3.1.2/maven-install-plugin-3.1.2.pom
#33 186.6 [INFO] Downloaded from central: https://repo.maven.apache.org/maven2/org/apache/maven/plugins/maven-install-plugin/3.1.2/maven-install-plugin-3.1.2.pom (8.5 kB at 16 kB/s)
#33 186.6 [INFO] Downloading from central: https://repo.maven.apache.org/maven2/org/apache/maven/plugins/maven-plugins/42/maven-plugins-42.pom
#33 188.4 [INFO] Downloaded from central: https://repo.maven.apache.org/maven2/org/apache/maven/plugins/maven-plugins/42/maven-plugins-42.pom (7.7 kB at 4.4 kB/s)
#33 188.4 [INFO] Downloading from central: https://repo.maven.apache.org/maven2/org/apache/maven/maven-parent/42/maven-parent-42.pom
#33 191.8 [INFO] Downloaded from central: https://repo.maven.apache.org/maven2/org/apache/maven/maven-parent/42/maven-parent-42.pom (50 kB at 15 kB/s)
#33 191.8 [INFO] Downloading from central: https://repo.maven.apache.org/maven2/org/apache/apache/32/apache-32.pom
#33 193.5 [INFO] Downloaded from central: https://repo.maven.apache.org/maven2/org/apache/apache/32/apache-32.pom (24 kB at 15 kB/s)
#33 193.5 [INFO] Downloading from central: https://repo.maven.apache.org/maven2/org/junit/junit-bom/5.10.2/junit-bom-5.10.2.pom
#33 194.7 [INFO] Downloaded from central: https://repo.maven.apache.org/maven2/org/junit/junit-bom/5.10.2/junit-bom-5.10.2.pom (5.6 kB at 4.5 kB/s)
#33 194.7 [INFO] Downloading from central: https://repo.maven.apache.org/maven2/org/apache/maven/plugins/maven-install-plugin/3.1.2/maven-install-plugin-3.1.2.jar
#33 197.1 [INFO] Downloaded from central: https://repo.maven.apache.org/maven2/org/apache/maven/plugins/maven-install-plugin/3.1.2/maven-install-plugin-3.1.2.jar (32 kB at 13 kB/s)
#33 197.2 [INFO] Downloading from central: https://repo.maven.apache.org/maven2/org/apache/maven/plugins/maven-deploy-plugin/3.1.2/maven-deploy-plugin-3.1.2.pom
#33 198.0 [INFO] Downloaded from central: https://repo.maven.apache.org/maven2/org/apache/maven/plugins/maven-deploy-plugin/3.1.2/maven-deploy-plugin-3.1.2.pom (9.6 kB at 12 kB/s)
#33 198.0 [INFO] Downloading from central: https://repo.maven.apache.org/maven2/org/apache/maven/plugins/maven-deploy-plugin/3.1.2/maven-deploy-plugin-3.1.2.jar
#33 202.2 [INFO] Downloaded from central: https://repo.maven.apache.org/maven2/org/apache/maven/plugins/maven-deploy-plugin/3.1.2/maven-deploy-plugin-3.1.2.jar (40 kB at 9.4 kB/s)
#33 202.2 [INFO] Downloading from central: https://repo.maven.apache.org/maven2/org/apache/maven/plugins/maven-site-plugin/3.12.1/maven-site-plugin-3.12.1.pom
#33 203.9 [INFO] Downloaded from central: https://repo.maven.apache.org/maven2/org/apache/maven/plugins/maven-site-plugin/3.12.1/maven-site-plugin-3.12.1.pom (20 kB at 12 kB/s)
#33 203.9 [INFO] Downloading from central: https://repo.maven.apache.org/maven2/org/apache/maven/plugins/maven-plugins/36/maven-plugins-36.pom
#33 205.3 [INFO] Downloaded from central: https://repo.maven.apache.org/maven2/org/apache/maven/plugins/maven-plugins/36/maven-plugins-36.pom (9.9 kB at 7.0 kB/s)
#33 205.3 [INFO] Downloading from central: https://repo.maven.apache.org/maven2/org/apache/maven/maven-parent/36/maven-parent-36.pom
#33 209.8 [INFO] Downloaded from central: https://repo.maven.apache.org/maven2/org/apache/maven/maven-parent/36/maven-parent-36.pom (45 kB at 10 kB/s)
#33 209.8 [INFO] Downloading from central: https://repo.maven.apache.org/maven2/org/apache/apache/26/apache-26.pom
#33 211.4 [INFO] Downloaded from central: https://repo.maven.apache.org/maven2/org/apache/apache/26/apache-26.pom (21 kB at 13 kB/s)
#33 211.4 [INFO] Downloading from central: https://repo.maven.apache.org/maven2/org/apache/maven/plugins/maven-site-plugin/3.12.1/maven-site-plugin-3.12.1.jar
#33 221.2 [INFO] Downloaded from central: https://repo.maven.apache.org/maven2/org/apache/maven/plugins/maven-site-plugin/3.12.1/maven-site-plugin-3.12.1.jar (119 kB at 12 kB/s)
#33 221.3 [INFO] Downloading from central: https://repo.maven.apache.org/maven2/org/apache/maven/plugins/maven-antrun-plugin/3.1.0/maven-antrun-plugin-3.1.0.pom
#33 221.9 [INFO] Downloaded from central: https://repo.maven.apache.org/maven2/org/apache/maven/plugins/maven-antrun-plugin/3.1.0/maven-antrun-plugin-3.1.0.pom (9.1 kB at 13 kB/s)
#33 222.0 [INFO] Downloading from central: https://repo.maven.apache.org/maven2/org/apache/maven/plugins/maven-plugins/34/maven-plugins-34.pom
#33 222.7 [INFO] Downloaded from central: https://repo.maven.apache.org/maven2/org/apache/maven/plugins/maven-plugins/34/maven-plugins-34.pom (11 kB at 13 kB/s)
#33 222.8 [INFO] Downloading from central: https://repo.maven.apache.org/maven2/org/apache/maven/maven-parent/34/maven-parent-34.pom
#33 226.3 [INFO] Downloaded from central: https://repo.maven.apache.org/maven2/org/apache/maven/maven-parent/34/maven-parent-34.pom (43 kB at 12 kB/s)
#33 226.3 [INFO] Downloading from central: https://repo.maven.apache.org/maven2/org/apache/apache/23/apache-23.pom
#33 228.3 [INFO] Downloaded from central: https://repo.maven.apache.org/maven2/org/apache/apache/23/apache-23.pom (18 kB at 9.2 kB/s)
#33 228.3 [INFO] Downloading from central: https://repo.maven.apache.org/maven2/org/apache/maven/plugins/maven-antrun-plugin/3.1.0/maven-antrun-plugin-3.1.0.jar
#33 232.8 [INFO] Downloaded from central: https://repo.maven.apache.org/maven2/org/apache/maven/plugins/maven-antrun-plugin/3.1.0/maven-antrun-plugin-3.1.0.jar (41 kB at 9.3 kB/s)
#33 232.8 [INFO] Downloading from central: https://repo.maven.apache.org/maven2/org/apache/maven/plugins/maven-assembly-plugin/3.7.1/maven-assembly-plugin-3.7.1.pom
#33 234.5 [INFO] Downloaded from central: https://repo.maven.apache.org/maven2/org/apache/maven/plugins/maven-assembly-plugin/3.7.1/maven-assembly-plugin-3.7.1.pom (15 kB at 8.8 kB/s)
#33 234.5 [INFO] Downloading from central: https://repo.maven.apache.org/maven2/org/apache/maven/plugins/maven-plugins/41/maven-plugins-41.pom
#33 235.1 [INFO] Downloaded from central: https://repo.maven.apache.org/maven2/org/apache/maven/plugins/maven-plugins/41/maven-plugins-41.pom (7.4 kB at 13 kB/s)
#33 235.1 [INFO] Downloading from central: https://repo.maven.apache.org/maven2/org/apache/maven/maven-parent/41/maven-parent-41.pom
#33 238.7 [INFO] Downloaded from central: https://repo.maven.apache.org/maven2/org/apache/maven/maven-parent/41/maven-parent-41.pom (50 kB at 14 kB/s)
#33 238.7 [INFO] Downloading from central: https://repo.maven.apache.org/maven2/org/apache/apache/31/apache-31.pom
#33 239.5 [INFO] Downloaded from central: https://repo.maven.apache.org/maven2/org/apache/apache/31/apache-31.pom (24 kB at 31 kB/s)
#33 239.5 [INFO] Downloading from central: https://repo.maven.apache.org/maven2/org/apache/maven/plugins/maven-assembly-plugin/3.7.1/maven-assembly-plugin-3.7.1.jar
#33 255.5 [INFO] Downloaded from central: https://repo.maven.apache.org/maven2/org/apache/maven/plugins/maven-assembly-plugin/3.7.1/maven-assembly-plugin-3.7.1.jar (240 kB at 15 kB/s)
#33 255.5 [INFO] Downloading from central: https://repo.maven.apache.org/maven2/org/apache/maven/plugins/maven-dependency-plugin/3.7.0/maven-dependency-plugin-3.7.0.pom
#33 257.7 [INFO] Downloaded from central: https://repo.maven.apache.org/maven2/org/apache/maven/plugins/maven-dependency-plugin/3.7.0/maven-dependency-plugin-3.7.0.pom (19 kB at 8.6 kB/s)
#33 257.7 [INFO] Downloading from central: https://repo.maven.apache.org/maven2/org/apache/maven/plugins/maven-dependency-plugin/3.7.0/maven-dependency-plugin-3.7.0.jar
#33 269.5 [INFO] Downloaded from central: https://repo.maven.apache.org/maven2/org/apache/maven/plugins/maven-dependency-plugin/3.7.0/maven-dependency-plugin-3.7.0.jar (207 kB at 18 kB/s)
#33 269.6 [INFO] 
#33 269.6 [INFO] -------------------------< cn.widdo:widdo-bom >-------------------------
#33 269.6 [INFO] Building widdo-bom 353.0.0.0                                      [1/21]
#33 269.6 [INFO]   from widdo-bom/pom.xml
#33 269.6 [INFO] --------------------------------[ pom ]---------------------------------
#33 269.7 [INFO] 
#33 269.8 [INFO] --- dependency:3.7.0:resolve (default-cli) @ widdo-bom ---
#33 269.8 [INFO] Downloading from central: https://repo.maven.apache.org/maven2/org/apache/maven/doxia/doxia-sink-api/1.12.0/doxia-sink-api-1.12.0.pom
#33 271.1 [INFO] Downloaded from central: https://repo.maven.apache.org/maven2/org/apache/maven/doxia/doxia-sink-api/1.12.0/doxia-sink-api-1.12.0.pom (1.5 kB at 1.2 kB/s)
#33 271.1 [INFO] Downloading from central: https://repo.maven.apache.org/maven2/org/apache/maven/doxia/doxia/1.12.0/doxia-1.12.0.pom
#33 273.5 [INFO] Downloaded from central: https://repo.maven.apache.org/maven2/org/apache/maven/doxia/doxia/1.12.0/doxia-1.12.0.pom (18 kB at 7.4 kB/s)
#33 273.5 [INFO] Downloading from central: https://repo.maven.apache.org/maven2/org/apache/maven/doxia/doxia-logging-api/1.12.0/doxia-logging-api-1.12.0.pom
#33 273.8 [INFO] Downloaded from central: https://repo.maven.apache.org/maven2/org/apache/maven/doxia/doxia-logging-api/1.12.0/doxia-logging-api-1.12.0.pom (1.5 kB at 4.9 kB/s)
#33 273.8 [INFO] Downloading from central: https://repo.maven.apache.org/maven2/org/apache/maven/reporting/maven-reporting-api/3.1.1/maven-reporting-api-3.1.1.pom
#33 274.4 [INFO] Downloaded from central: https://repo.maven.apache.org/maven2/org/apache/maven/reporting/maven-reporting-api/3.1.1/maven-reporting-api-3.1.1.pom (3.8 kB at 6.9 kB/s)
#33 274.4 [INFO] Downloading from central: https://repo.maven.apache.org/maven2/org/apache/maven/shared/maven-shared-components/34/maven-shared-components-34.pom
#33 275.2 [INFO] Downloaded from central: https://repo.maven.apache.org/maven2/org/apache/maven/shared/maven-shared-components/34/maven-shared-components-34.pom (5.1 kB at 6.3 kB/s)
#33 275.2 [INFO] Downloading from central: https://repo.maven.apache.org/maven2/org/apache/maven/doxia/doxia-sink-api/1.11.1/doxia-sink-api-1.11.1.pom
#33 275.7 [INFO] Downloaded from central: https://repo.maven.apache.org/maven2/org/apache/maven/doxia/doxia-sink-api/1.11.1/doxia-sink-api-1.11.1.pom (1.6 kB at 3.1 kB/s)
#33 275.7 [INFO] Downloading from central: https://repo.maven.apache.org/maven2/org/apache/maven/doxia/doxia/1.11.1/doxia-1.11.1.pom
#33 278.8 [INFO] Downloaded from central: https://repo.maven.apache.org/maven2/org/apache/maven/doxia/doxia/1.11.1/doxia-1.11.1.pom (18 kB at 5.8 kB/s)
#33 278.9 [INFO] Downloading from central: https://repo.maven.apache.org/maven2/org/apache/maven/doxia/doxia-logging-api/1.11.1/doxia-logging-api-1.11.1.pom
#33 279.4 [INFO] Downloaded from central: https://repo.maven.apache.org/maven2/org/apache/maven/doxia/doxia-logging-api/1.11.1/doxia-logging-api-1.11.1.pom (1.6 kB at 3.1 kB/s)
#33 279.4 [INFO] Downloading from central: https://repo.maven.apache.org/maven2/org/apache/maven/reporting/maven-reporting-impl/3.2.0/maven-reporting-impl-3.2.0.pom
#33 280.2 [INFO] Downloaded from central: https://repo.maven.apache.org/maven2/org/apache/maven/reporting/maven-reporting-impl/3.2.0/maven-reporting-impl-3.2.0.pom (7.6 kB at 8.8 kB/s)
#33 280.3 [INFO] Downloading from central: https://repo.maven.apache.org/maven2/org/apache/maven/shared/maven-shared-utils/3.3.4/maven-shared-utils-3.3.4.pom
#33 280.8 [INFO] Downloaded from central: https://repo.maven.apache.org/maven2/org/apache/maven/shared/maven-shared-utils/3.3.4/maven-shared-utils-3.3.4.pom (5.8 kB at 12 kB/s)
#33 280.8 [INFO] Downloading from central: https://repo.maven.apache.org/maven2/commons-io/commons-io/2.6/commons-io-2.6.pom
#33 281.9 [INFO] Downloaded from central: https://repo.maven.apache.org/maven2/commons-io/commons-io/2.6/commons-io-2.6.pom (14 kB at 13 kB/s)
#33 282.0 [INFO] Downloading from central: https://repo.maven.apache.org/maven2/org/apache/commons/commons-parent/42/commons-parent-42.pom
#33 286.1 [INFO] Downloaded from central: https://repo.maven.apache.org/maven2/org/apache/commons/commons-parent/42/commons-parent-42.pom (68 kB at 16 kB/s)
#33 286.6 [INFO] Downloading from central: https://repo.maven.apache.org/maven2/org/apache/maven/doxia/doxia-decoration-model/1.11.1/doxia-decoration-model-1.11.1.pom
#33 287.0 [INFO] Downloaded from central: https://repo.maven.apache.org/maven2/org/apache/maven/doxia/doxia-decoration-model/1.11.1/doxia-decoration-model-1.11.1.pom (3.4 kB at 9.8 kB/s)
#33 287.0 [INFO] Downloading from central: https://repo.maven.apache.org/maven2/org/apache/maven/doxia/doxia-sitetools/1.11.1/doxia-sitetools-1.11.1.pom
#33 287.8 [INFO] Downloaded from central: https://repo.maven.apache.org/maven2/org/apache/maven/doxia/doxia-sitetools/1.11.1/doxia-sitetools-1.11.1.pom (14 kB at 17 kB/s)
#33 287.8 [INFO] Downloading from central: https://repo.maven.apache.org/maven2/org/codehaus/plexus/plexus-component-annotations/2.0.0/plexus-component-annotations-2.0.0.pom
#33 288.1 [INFO] Downloaded from central: https://repo.maven.apache.org/maven2/org/codehaus/plexus/plexus-component-annotations/2.0.0/plexus-component-annotations-2.0.0.pom (750 B at 2.9 kB/s)
#33 288.1 [INFO] Downloading from central: https://repo.maven.apache.org/maven2/org/codehaus/plexus/plexus-containers/2.0.0/plexus-containers-2.0.0.pom
#33 288.6 [INFO] Downloaded from central: https://repo.maven.apache.org/maven2/org/codehaus/plexus/plexus-containers/2.0.0/plexus-containers-2.0.0.pom (4.8 kB at 9.6 kB/s)
#33 288.6 [INFO] Downloading from central: https://repo.maven.apache.org/maven2/org/codehaus/plexus/plexus/5.1/plexus-5.1.pom
#33 290.9 [INFO] Downloaded from central: https://repo.maven.apache.org/maven2/org/codehaus/plexus/plexus/5.1/plexus-5.1.pom (23 kB at 9.8 kB/s)
#33 290.9 [INFO] Downloading from central: https://repo.maven.apache.org/maven2/org/codehaus/plexus/plexus-utils/4.0.1/plexus-utils-4.0.1.pom
#33 292.0 [INFO] Downloaded from central: https://repo.maven.apache.org/maven2/org/codehaus/plexus/plexus-utils/4.0.1/plexus-utils-4.0.1.pom (7.8 kB at 7.6 kB/s)
#33 292.0 [INFO] Downloading from central: https://repo.maven.apache.org/maven2/org/codehaus/plexus/plexus/17/plexus-17.pom
#33 295.1 [INFO] Downloaded from central: https://repo.maven.apache.org/maven2/org/codehaus/plexus/plexus/17/plexus-17.pom (28 kB at 8.9 kB/s)
#33 295.2 [INFO] Downloading from central: https://repo.maven.apache.org/maven2/org/apache/maven/doxia/doxia-core/1.11.1/doxia-core-1.11.1.pom
#33 296.0 [INFO] Downloaded from central: https://repo.maven.apache.org/maven2/org/apache/maven/doxia/doxia-core/1.11.1/doxia-core-1.11.1.pom (4.5 kB at 5.7 kB/s)
#33 296.0 [INFO] Downloading from central: https://repo.maven.apache.org/maven2/org/codehaus/plexus/plexus-component-annotations/2.1.0/plexus-component-annotations-2.1.0.pom
#33 297.0 [INFO] Downloaded from central: https://repo.maven.apache.org/maven2/org/codehaus/plexus/plexus-component-annotations/2.1.0/plexus-component-annotations-2.1.0.pom (750 B at 734 B/s)
#33 297.0 [INFO] Downloading from central: https://repo.maven.apache.org/maven2/org/codehaus/plexus/plexus-containers/2.1.0/plexus-containers-2.1.0.pom
#33 298.0 [INFO] Downloaded from central: https://repo.maven.apache.org/maven2/org/codehaus/plexus/plexus-containers/2.1.0/plexus-containers-2.1.0.pom (4.8 kB at 4.8 kB/s)
#33 298.0 [INFO] Downloading from central: https://repo.maven.apache.org/maven2/org/apache/commons/commons-lang3/3.8.1/commons-lang3-3.8.1.pom
#33 300.7 [INFO] Downloaded from central: https://repo.maven.apache.org/maven2/org/apache/commons/commons-lang3/3.8.1/commons-lang3-3.8.1.pom (28 kB at 10 kB/s)
#33 300.7 [INFO] Downloading from central: https://repo.maven.apache.org/maven2/org/apache/commons/commons-parent/47/commons-parent-47.pom
#33 305.0 [INFO] Downloaded from central: https://repo.maven.apache.org/maven2/org/apache/commons/commons-parent/47/commons-parent-47.pom (78 kB at 18 kB/s)
#33 305.0 [INFO] Downloading from central: https://repo.maven.apache.org/maven2/org/apache/commons/commons-text/1.12.0/commons-text-1.12.0.pom
#33 306.1 [INFO] Downloaded from central: https://repo.maven.apache.org/maven2/org/apache/commons/commons-text/1.12.0/commons-text-1.12.0.pom (20 kB at 18 kB/s)
#33 306.1 [INFO] Downloading from central: https://repo.maven.apache.org/maven2/org/apache/commons/commons-parent/69/commons-parent-69.pom
#33 310.2 [INFO] Downloaded from central: https://repo.maven.apache.org/maven2/org/apache/commons/commons-parent/69/commons-parent-69.pom (77 kB at 19 kB/s)
#33 310.2 [INFO] Downloading from central: https://repo.maven.apache.org/maven2/org/apache/commons/commons-lang3/3.14.0/commons-lang3-3.14.0.pom
#33 312.1 [INFO] Downloaded from central: https://repo.maven.apache.org/maven2/org/apache/commons/commons-lang3/3.14.0/commons-lang3-3.14.0.pom (31 kB at 16 kB/s)
#33 312.1 [INFO] Downloading from central: https://repo.maven.apache.org/maven2/org/apache/commons/commons-parent/64/commons-parent-64.pom
#33 318.4 [INFO] Downloaded from central: https://repo.maven.apache.org/maven2/org/apache/commons/commons-parent/64/commons-parent-64.pom (78 kB at 12 kB/s)
#33 318.4 [INFO] Downloading from central: https://repo.maven.apache.org/maven2/org/apache/apache/30/apache-30.pom
#33 321.3 [INFO] Downloaded from central: https://repo.maven.apache.org/maven2/org/apache/apache/30/apache-30.pom (23 kB at 8.1 kB/s)
#33 321.3 [INFO] Downloading from central: https://repo.maven.apache.org/maven2/org/junit/junit-bom/5.10.0/junit-bom-5.10.0.pom
#33 321.9 [INFO] Downloaded from central: https://repo.maven.apache.org/maven2/org/junit/junit-bom/5.10.0/junit-bom-5.10.0.pom (5.6 kB at 8.8 kB/s)
#33 322.0 [INFO] Downloading from central: https://repo.maven.apache.org/maven2/org/apache/httpcomponents/httpclient/4.5.13/httpclient-4.5.13.pom
#33 323.2 [INFO] Downloaded from central: https://repo.maven.apache.org/maven2/org/apache/httpcomponents/httpclient/4.5.13/httpclient-4.5.13.pom (6.6 kB at 5.3 kB/s)
#33 323.2 [INFO] Downloading from central: https://repo.maven.apache.org/maven2/org/apache/httpcomponents/httpcomponents-client/4.5.13/httpcomponents-client-4.5.13.pom
#33 324.2 [INFO] Downloaded from central: https://repo.maven.apache.org/maven2/org/apache/httpcomponents/httpcomponents-client/4.5.13/httpcomponents-client-4.5.13.pom (16 kB at 17 kB/s)
#33 324.2 [INFO] Downloading from central: https://repo.maven.apache.org/maven2/org/apache/httpcomponents/httpcomponents-parent/11/httpcomponents-parent-11.pom
#33 326.0 [INFO] Downloaded from central: https://repo.maven.apache.org/maven2/org/apache/httpcomponents/httpcomponents-parent/11/httpcomponents-parent-11.pom (35 kB at 19 kB/s)
#33 326.1 [INFO] Downloading from central: https://repo.maven.apache.org/maven2/org/apache/apache/21/apache-21.pom
#33 327.4 [INFO] Downloaded from central: https://repo.maven.apache.org/maven2/org/apache/apache/21/apache-21.pom (17 kB at 13 kB/s)
#33 327.4 [INFO] Downloading from central: https://repo.maven.apache.org/maven2/org/apache/httpcomponents/httpcore/4.4.13/httpcore-4.4.13.pom
#33 327.9 [INFO] Downloaded from central: https://repo.maven.apache.org/maven2/org/apache/httpcomponents/httpcore/4.4.13/httpcore-4.4.13.pom (5.0 kB at 9.5 kB/s)
#33 328.0 [INFO] Downloading from central: https://repo.maven.apache.org/maven2/org/apache/httpcomponents/httpcomponents-core/4.4.13/httpcomponents-core-4.4.13.pom
#33 328.7 [INFO] Downloaded from central: https://repo.maven.apache.org/maven2/org/apache/httpcomponents/httpcomponents-core/4.4.13/httpcomponents-core-4.4.13.pom (13 kB at 18 kB/s)
#33 328.7 [INFO] Downloading from central: https://repo.maven.apache.org/maven2/commons-logging/commons-logging/1.2/commons-logging-1.2.pom
#33 329.8 [INFO] Downloaded from central: https://repo.maven.apache.org/maven2/commons-logging/commons-logging/1.2/commons-logging-1.2.pom (19 kB at 17 kB/s)
#33 329.8 [INFO] Downloading from central: https://repo.maven.apache.org/maven2/org/apache/commons/commons-parent/34/commons-parent-34.pom
#33 334.5 [INFO] Downloaded from central: https://repo.maven.apache.org/maven2/org/apache/commons/commons-parent/34/commons-parent-34.pom (56 kB at 12 kB/s)
#33 334.6 [INFO] Downloading from central: https://repo.maven.apache.org/maven2/org/apache/apache/13/apache-13.pom
#33 336.1 [INFO] Downloaded from central: https://repo.maven.apache.org/maven2/org/apache/apache/13/apache-13.pom (14 kB at 9.4 kB/s)
#33 336.1 [INFO] Downloading from central: https://repo.maven.apache.org/maven2/commons-codec/commons-codec/1.11/commons-codec-1.11.pom
#33 337.2 [INFO] Downloaded from central: https://repo.maven.apache.org/maven2/commons-codec/commons-codec/1.11/commons-codec-1.11.pom (14 kB at 13 kB/s)
#33 337.2 [INFO] Downloading from central: https://repo.maven.apache.org/maven2/org/apache/httpcomponents/httpcore/4.4.14/httpcore-4.4.14.pom
#33 337.8 [INFO] Downloaded from central: https://repo.maven.apache.org/maven2/org/apache/httpcomponents/httpcore/4.4.14/httpcore-4.4.14.pom (5.0 kB at 7.7 kB/s)
#33 337.8 [INFO] Downloading from central: https://repo.maven.apache.org/maven2/org/apache/httpcomponents/httpcomponents-core/4.4.14/httpcomponents-core-4.4.14.pom
#33 339.2 [INFO] Downloaded from central: https://repo.maven.apache.org/maven2/org/apache/httpcomponents/httpcomponents-core/4.4.14/httpcomponents-core-4.4.14.pom (13 kB at 9.6 kB/s)
#33 339.2 [INFO] Downloading from central: https://repo.maven.apache.org/maven2/org/apache/maven/doxia/doxia-integration-tools/1.11.1/doxia-integration-tools-1.11.1.pom
#33 340.0 [INFO] Downloaded from central: https://repo.maven.apache.org/maven2/org/apache/maven/doxia/doxia-integration-tools/1.11.1/doxia-integration-tools-1.11.1.pom (6.0 kB at 7.2 kB/s)
#33 340.2 [INFO] Downloading from central: https://repo.maven.apache.org/maven2/org/apache/maven/reporting/maven-reporting-api/3.0/maven-reporting-api-3.0.pom
#33 340.5 [INFO] Downloaded from central: https://repo.maven.apache.org/maven2/org/apache/maven/reporting/maven-reporting-api/3.0/maven-reporting-api-3.0.pom (2.4 kB at 6.9 kB/s)
#33 340.5 [INFO] Downloading from central: https://repo.maven.apache.org/maven2/org/apache/maven/shared/maven-shared-components/15/maven-shared-components-15.pom
#33 342.2 [INFO] Downloaded from central: https://repo.maven.apache.org/maven2/org/apache/maven/shared/maven-shared-components/15/maven-shared-components-15.pom (9.3 kB at 5.5 kB/s)
#33 342.2 [INFO] Downloading from central: https://repo.maven.apache.org/maven2/org/apache/maven/maven-parent/16/maven-parent-16.pom
#33 344.4 [INFO] Downloaded from central: https://repo.maven.apache.org/maven2/org/apache/maven/maven-parent/16/maven-parent-16.pom (23 kB at 11 kB/s)
#33 344.5 [INFO] Downloading from central: https://repo.maven.apache.org/maven2/org/apache/apache/7/apache-7.pom
#33 345.6 [INFO] Downloaded from central: https://repo.maven.apache.org/maven2/org/apache/apache/7/apache-7.pom (14 kB at 13 kB/s)
#33 345.6 [INFO] Downloading from central: https://repo.maven.apache.org/maven2/org/apache/maven/doxia/doxia-sink-api/1.0/doxia-sink-api-1.0.pom
#33 346.6 [INFO] Downloaded from central: https://repo.maven.apache.org/maven2/org/apache/maven/doxia/doxia-sink-api/1.0/doxia-sink-api-1.0.pom (1.4 kB at 1.4 kB/s)
#33 346.6 [INFO] Downloading from central: https://repo.maven.apache.org/maven2/org/apache/maven/doxia/doxia/1.0/doxia-1.0.pom
#33 347.9 [INFO] Downloaded from central: https://repo.maven.apache.org/maven2/org/apache/maven/doxia/doxia/1.0/doxia-1.0.pom (9.6 kB at 7.3 kB/s)
#33 347.9 [INFO] Downloading from central: https://repo.maven.apache.org/maven2/org/apache/maven/maven-parent/10/maven-parent-10.pom
#33 350.3 [INFO] Downloaded from central: https://repo.maven.apache.org/maven2/org/apache/maven/maven-parent/10/maven-parent-10.pom (32 kB at 13 kB/s)
#33 350.3 [INFO] Downloading from central: https://repo.maven.apache.org/maven2/org/apache/apache/4/apache-4.pom
#33 350.8 [INFO] Downloaded from central: https://repo.maven.apache.org/maven2/org/apache/apache/4/apache-4.pom (4.5 kB at 9.0 kB/s)
#33 350.8 [INFO] Downloading from central: https://repo.maven.apache.org/maven2/org/codehaus/plexus/plexus-i18n/1.0-beta-10/plexus-i18n-1.0-beta-10.pom
#33 351.8 [INFO] Downloaded from central: https://repo.maven.apache.org/maven2/org/codehaus/plexus/plexus-i18n/1.0-beta-10/plexus-i18n-1.0-beta-10.pom (2.1 kB at 2.1 kB/s)
#33 351.8 [INFO] Downloading from central: https://repo.maven.apache.org/maven2/org/codehaus/plexus/plexus-components/1.1.12/plexus-components-1.1.12.pom
#33 353.2 [INFO] Downloaded from central: https://repo.maven.apache.org/maven2/org/codehaus/plexus/plexus-components/1.1.12/plexus-components-1.1.12.pom (3.0 kB at 2.2 kB/s)
#33 353.2 [INFO] Downloading from central: https://repo.maven.apache.org/maven2/org/codehaus/plexus/plexus/1.0.10/plexus-1.0.10.pom
#33 355.3 [INFO] Downloaded from central: https://repo.maven.apache.org/maven2/org/codehaus/plexus/plexus/1.0.10/plexus-1.0.10.pom (8.2 kB at 4.0 kB/s)
#33 355.3 [INFO] Downloading from central: https://repo.maven.apache.org/maven2/org/codehaus/plexus/plexus-interpolation/1.26/plexus-interpolation-1.26.pom
#33 355.8 [INFO] Downloaded from central: https://repo.maven.apache.org/maven2/org/codehaus/plexus/plexus-interpolation/1.26/plexus-interpolation-1.26.pom (2.7 kB at 5.2 kB/s)
#33 355.8 [INFO] Downloading from central: https://repo.maven.apache.org/maven2/org/apache/maven/doxia/doxia-site-renderer/1.11.1/doxia-site-renderer-1.11.1.pom
#33 356.5 [INFO] Downloaded from central: https://repo.maven.apache.org/maven2/org/apache/maven/doxia/doxia-site-renderer/1.11.1/doxia-site-renderer-1.11.1.pom (7.7 kB at 12 kB/s)
#33 356.5 [INFO] Downloading from central: https://repo.maven.apache.org/maven2/org/apache/maven/doxia/doxia-skin-model/1.11.1/doxia-skin-model-1.11.1.pom
#33 356.9 [INFO] Downloaded from central: https://repo.maven.apache.org/maven2/org/apache/maven/doxia/doxia-skin-model/1.11.1/doxia-skin-model-1.11.1.pom (3.0 kB at 8.1 kB/s)
#33 356.9 [INFO] Downloading from central: https://repo.maven.apache.org/maven2/org/apache/maven/doxia/doxia-module-xhtml/1.11.1/doxia-module-xhtml-1.11.1.pom
#33 357.9 [INFO] Downloaded from central: https://repo.maven.apache.org/maven2/org/apache/maven/doxia/doxia-module-xhtml/1.11.1/doxia-module-xhtml-1.11.1.pom (2.0 kB at 1.9 kB/s)
#33 357.9 [INFO] Downloading from central: https://repo.maven.apache.org/maven2/org/apache/maven/doxia/doxia-modules/1.11.1/doxia-modules-1.11.1.pom
#33 358.4 [INFO] Downloaded from central: https://repo.maven.apache.org/maven2/org/apache/maven/doxia/doxia-modules/1.11.1/doxia-modules-1.11.1.pom (2.7 kB at 5.3 kB/s)
#33 358.5 [INFO] Downloading from central: https://repo.maven.apache.org/maven2/org/apache/maven/doxia/doxia-module-xhtml5/1.11.1/doxia-module-xhtml5-1.11.1.pom
#33 359.0 [INFO] Downloaded from central: https://repo.maven.apache.org/maven2/org/apache/maven/doxia/doxia-module-xhtml5/1.11.1/doxia-module-xhtml5-1.11.1.pom (2.0 kB at 3.8 kB/s)
#33 359.0 [INFO] Downloading from central: https://repo.maven.apache.org/maven2/org/codehaus/plexus/plexus-velocity/1.2/plexus-velocity-1.2.pom
#33 359.3 [INFO] Downloaded from central: https://repo.maven.apache.org/maven2/org/codehaus/plexus/plexus-velocity/1.2/plexus-velocity-1.2.pom (2.8 kB at 8.1 kB/s)
#33 359.4 [INFO] Downloading from central: https://repo.maven.apache.org/maven2/org/codehaus/plexus/plexus-components/4.0/plexus-components-4.0.pom
#33 359.6 [INFO] Downloaded from central: https://repo.maven.apache.org/maven2/org/codehaus/plexus/plexus-components/4.0/plexus-components-4.0.pom (2.7 kB at 10 kB/s)
#33 359.6 [INFO] Downloading from central: https://repo.maven.apache.org/maven2/commons-collections/commons-collections/3.1/commons-collections-3.1.pom
#33 360.4 [INFO] Downloaded from central: https://repo.maven.apache.org/maven2/commons-collections/commons-collections/3.1/commons-collections-3.1.pom (6.1 kB at 8.2 kB/s)
#33 360.4 [INFO] Downloading from central: https://repo.maven.apache.org/maven2/org/apache/velocity/velocity/1.7/velocity-1.7.pom
#33 362.5 [INFO] Downloaded from central: https://repo.maven.apache.org/maven2/org/apache/velocity/velocity/1.7/velocity-1.7.pom (11 kB at 5.4 kB/s)
#33 362.6 [INFO] Downloading from central: https://repo.maven.apache.org/maven2/commons-collections/commons-collections/3.2.1/commons-collections-3.2.1.pom
#33 364.4 [INFO] Downloaded from central: https://repo.maven.apache.org/maven2/commons-collections/commons-collections/3.2.1/commons-collections-3.2.1.pom (13 kB at 7.0 kB/s)
#33 364.4 [INFO] Downloading from central: https://repo.maven.apache.org/maven2/org/apache/commons/commons-parent/9/commons-parent-9.pom
#33 366.2 [INFO] Downloaded from central: https://repo.maven.apache.org/maven2/org/apache/commons/commons-parent/9/commons-parent-9.pom (22 kB at 12 kB/s)
#33 366.2 [INFO] Downloading from central: https://repo.maven.apache.org/maven2/commons-lang/commons-lang/2.4/commons-lang-2.4.pom
#33 367.7 [INFO] Downloaded from central: https://repo.maven.apache.org/maven2/commons-lang/commons-lang/2.4/commons-lang-2.4.pom (14 kB at 9.3 kB/s)
#33 367.7 [INFO] Downloading from central: https://repo.maven.apache.org/maven2/org/apache/velocity/velocity-tools/2.0/velocity-tools-2.0.pom
#33 370.0 [INFO] Downloaded from central: https://repo.maven.apache.org/maven2/org/apache/velocity/velocity-tools/2.0/velocity-tools-2.0.pom (18 kB at 7.8 kB/s)
#33 370.0 [INFO] Downloading from central: https://repo.maven.apache.org/maven2/commons-beanutils/commons-beanutils/1.7.0/commons-beanutils-1.7.0.pom
#33 370.3 [INFO] Downloaded from central: https://repo.maven.apache.org/maven2/commons-beanutils/commons-beanutils/1.7.0/commons-beanutils-1.7.0.pom (357 B at 1.5 kB/s)
#33 370.3 [INFO] Downloading from central: https://repo.maven.apache.org/maven2/commons-logging/commons-logging/1.0.3/commons-logging-1.0.3.pom
#33 370.6 [INFO] Downloaded from central: https://repo.maven.apache.org/maven2/commons-logging/commons-logging/1.0.3/commons-logging-1.0.3.pom (866 B at 3.1 kB/s)
#33 370.6 [INFO] Downloading from central: https://repo.maven.apache.org/maven2/commons-digester/commons-digester/1.8/commons-digester-1.8.pom
#33 371.2 [INFO] Downloaded from central: https://repo.maven.apache.org/maven2/commons-digester/commons-digester/1.8/commons-digester-1.8.pom (7.0 kB at 11 kB/s)
#33 371.2 [INFO] Downloading from central: https://repo.maven.apache.org/maven2/commons-logging/commons-logging/1.1/commons-logging-1.1.pom
#33 372.7 [INFO] Downloaded from central: https://repo.maven.apache.org/maven2/commons-logging/commons-logging/1.1/commons-logging-1.1.pom (6.2 kB at 4.1 kB/s)
#33 372.8 [INFO] Downloading from central: https://repo.maven.apache.org/maven2/log4j/log4j/1.2.12/log4j-1.2.12.pom
#33 373.0 [INFO] Downloaded from central: https://repo.maven.apache.org/maven2/log4j/log4j/1.2.12/log4j-1.2.12.pom (145 B at 577 B/s)
#33 373.0 [INFO] Downloading from central: https://repo.maven.apache.org/maven2/logkit/logkit/1.0.1/logkit-1.0.1.pom
#33 373.3 [INFO] Downloaded from central: https://repo.maven.apache.org/maven2/logkit/logkit/1.0.1/logkit-1.0.1.pom (147 B at 595 B/s)
#33 373.3 [INFO] Downloading from central: https://repo.maven.apache.org/maven2/avalon-framework/avalon-framework/4.1.3/avalon-framework-4.1.3.pom
#33 373.5 [INFO] Downloaded from central: https://repo.maven.apache.org/maven2/avalon-framework/avalon-framework/4.1.3/avalon-framework-4.1.3.pom (167 B at 596 B/s)
#33 373.6 [INFO] Downloading from central: https://repo.maven.apache.org/maven2/commons-chain/commons-chain/1.1/commons-chain-1.1.pom
#33 374.1 [INFO] Downloaded from central: https://repo.maven.apache.org/maven2/commons-chain/commons-chain/1.1/commons-chain-1.1.pom (6.0 kB at 10 kB/s)
#33 374.2 [INFO] Downloading from central: https://repo.maven.apache.org/maven2/commons-digester/commons-digester/1.6/commons-digester-1.6.pom
#33 374.4 [INFO] Downloaded from central: https://repo.maven.apache.org/maven2/commons-digester/commons-digester/1.6/commons-digester-1.6.pom (974 B at 3.7 kB/s)
#33 374.4 [INFO] Downloading from central: https://repo.maven.apache.org/maven2/commons-beanutils/commons-beanutils/1.6/commons-beanutils-1.6.pom
#33 374.7 [INFO] Downloaded from central: https://repo.maven.apache.org/maven2/commons-beanutils/commons-beanutils/1.6/commons-beanutils-1.6.pom (2.3 kB at 8.7 kB/s)
#33 374.7 [INFO] Downloading from central: https://repo.maven.apache.org/maven2/commons-logging/commons-logging/1.0/commons-logging-1.0.pom
#33 375.0 [INFO] Downloaded from central: https://repo.maven.apache.org/maven2/commons-logging/commons-logging/1.0/commons-logging-1.0.pom (163 B at 622 B/s)
#33 375.0 [INFO] Downloading from central: https://repo.maven.apache.org/maven2/commons-collections/commons-collections/2.0/commons-collections-2.0.pom
#33 376.0 [INFO] Downloaded from central: https://repo.maven.apache.org/maven2/commons-collections/commons-collections/2.0/commons-collections-2.0.pom (171 B at 172 B/s)
#33 376.0 [INFO] Downloading from central: https://repo.maven.apache.org/maven2/commons-collections/commons-collections/2.1/commons-collections-2.1.pom
#33 376.3 [INFO] Downloaded from central: https://repo.maven.apache.org/maven2/commons-collections/commons-collections/2.1/commons-collections-2.1.pom (3.3 kB at 9.3 kB/s)
#33 376.3 [INFO] Downloading from central: https://repo.maven.apache.org/maven2/xml-apis/xml-apis/1.0.b2/xml-apis-1.0.b2.pom
#33 376.6 [INFO] Downloaded from central: https://repo.maven.apache.org/maven2/xml-apis/xml-apis/1.0.b2/xml-apis-1.0.b2.pom (2.2 kB at 7.7 kB/s)
#33 376.6 [INFO] Downloading from central: https://repo.maven.apache.org/maven2/commons-collections/commons-collections/3.2/commons-collections-3.2.pom
#33 377.7 [INFO] Downloaded from central: https://repo.maven.apache.org/maven2/commons-collections/commons-collections/3.2/commons-collections-3.2.pom (11 kB at 11 kB/s)
#33 377.7 [INFO] Downloading from central: https://repo.maven.apache.org/maven2/dom4j/dom4j/1.1/dom4j-1.1.pom
#33 377.9 [INFO] Downloaded from central: https://repo.maven.apache.org/maven2/dom4j/dom4j/1.1/dom4j-1.1.pom (142 B at 581 B/s)
#33 378.0 [INFO] Downloading from central: https://repo.maven.apache.org/maven2/oro/oro/2.0.8/oro-2.0.8.pom
#33 378.3 [INFO] Downloaded from central: https://repo.maven.apache.org/maven2/oro/oro/2.0.8/oro-2.0.8.pom (140 B at 428 B/s)
#33 378.3 [INFO] Downloading from central: https://repo.maven.apache.org/maven2/org/apache/velocity/velocity/1.6.2/velocity-1.6.2.pom
#33 379.1 [INFO] Downloaded from central: https://repo.maven.apache.org/maven2/org/apache/velocity/velocity/1.6.2/velocity-1.6.2.pom (11 kB at 14 kB/s)
#33 379.1 [INFO] Downloading from central: https://repo.maven.apache.org/maven2/commons-collections/commons-collections/3.2.2/commons-collections-3.2.2.pom
#33 380.0 [INFO] Downloaded from central: https://repo.maven.apache.org/maven2/commons-collections/commons-collections/3.2.2/commons-collections-3.2.2.pom (12 kB at 13 kB/s)
#33 380.1 [INFO] Downloading from central: https://repo.maven.apache.org/maven2/org/apache/commons/commons-parent/39/commons-parent-39.pom
#33 388.4 [INFO] Downloaded from central: https://repo.maven.apache.org/maven2/org/apache/commons/commons-parent/39/commons-parent-39.pom (62 kB at 7.4 kB/s)
#33 388.4 [INFO] Downloading from central: https://repo.maven.apache.org/maven2/org/apache/apache/16/apache-16.pom
#33 390.6 [INFO] Downloaded from central: https://repo.maven.apache.org/maven2/org/apache/apache/16/apache-16.pom (15 kB at 7.2 kB/s)
#33 390.6 [INFO] Downloading from central: https://repo.maven.apache.org/maven2/org/codehaus/plexus/plexus-archiver/4.9.2/plexus-archiver-4.9.2.pom
#33 391.6 [INFO] Downloaded from central: https://repo.maven.apache.org/maven2/org/codehaus/plexus/plexus-archiver/4.9.2/plexus-archiver-4.9.2.pom (6.0 kB at 5.8 kB/s)
#33 391.6 [INFO] Downloading from central: https://repo.maven.apache.org/maven2/org/codehaus/plexus/plexus-io/3.4.2/plexus-io-3.4.2.pom
#33 392.2 [INFO] Downloaded from central: https://repo.maven.apache.org/maven2/org/codehaus/plexus/plexus-io/3.4.2/plexus-io-3.4.2.pom (3.9 kB at 6.9 kB/s)
#33 392.2 [INFO] Downloading from central: https://repo.maven.apache.org/maven2/org/codehaus/plexus/plexus/16/plexus-16.pom
#33 394.4 [INFO] Downloaded from central: https://repo.maven.apache.org/maven2/org/codehaus/plexus/plexus/16/plexus-16.pom (28 kB at 13 kB/s)
#33 394.4 [INFO] Downloading from central: https://repo.maven.apache.org/maven2/org/junit/junit-bom/5.10.1/junit-bom-5.10.1.pom
#33 394.9 [INFO] Downloaded from central: https://repo.maven.apache.org/maven2/org/junit/junit-bom/5.10.1/junit-bom-5.10.1.pom (5.6 kB at 12 kB/s)
#33 394.9 [INFO] Downloading from central: https://repo.maven.apache.org/maven2/commons-io/commons-io/2.15.1/commons-io-2.15.1.pom
#33 396.0 [INFO] Downloaded from central: https://repo.maven.apache.org/maven2/commons-io/commons-io/2.15.1/commons-io-2.15.1.pom (20 kB at 18 kB/s)
#33 396.0 [INFO] Downloading from central: https://repo.maven.apache.org/maven2/org/apache/commons/commons-parent/65/commons-parent-65.pom
#33 404.1 [INFO] Downloaded from central: https://repo.maven.apache.org/maven2/org/apache/commons/commons-parent/65/commons-parent-65.pom (78 kB at 9.7 kB/s)
#33 404.1 [INFO] Downloading from central: https://repo.maven.apache.org/maven2/org/apache/commons/commons-compress/1.26.1/commons-compress-1.26.1.pom
#33 405.7 [INFO] Downloaded from central: https://repo.maven.apache.org/maven2/org/apache/commons/commons-compress/1.26.1/commons-compress-1.26.1.pom (22 kB at 14 kB/s)
#33 405.7 [INFO] Downloading from central: https://repo.maven.apache.org/maven2/org/apache/commons/commons-parent/66/commons-parent-66.pom
#33 411.1 [INFO] Downloaded from central: https://repo.maven.apache.org/maven2/org/apache/commons/commons-parent/66/commons-parent-66.pom (77 kB at 14 kB/s)
#33 411.1 [INFO] Downloading from central: https://repo.maven.apache.org/maven2/commons-codec/commons-codec/1.16.1/commons-codec-1.16.1.pom
#33 412.0 [INFO] Downloaded from central: https://repo.maven.apache.org/maven2/commons-codec/commons-codec/1.16.1/commons-codec-1.16.1.pom (16 kB at 18 kB/s)
#33 412.0 [INFO] Downloading from central: https://repo.maven.apache.org/maven2/org/slf4j/slf4j-api/1.7.36/slf4j-api-1.7.36.pom
#33 412.4 [INFO] Downloaded from central: https://repo.maven.apache.org/maven2/org/slf4j/slf4j-api/1.7.36/slf4j-api-1.7.36.pom (2.7 kB at 7.2 kB/s)
#33 412.4 [INFO] Downloading from central: https://repo.maven.apache.org/maven2/org/slf4j/slf4j-parent/1.7.36/slf4j-parent-1.7.36.pom
#33 414.1 [INFO] Downloaded from central: https://repo.maven.apache.org/maven2/org/slf4j/slf4j-parent/1.7.36/slf4j-parent-1.7.36.pom (14 kB at 8.2 kB/s)
#33 414.1 [INFO] Downloading from central: https://repo.maven.apache.org/maven2/org/iq80/snappy/snappy/0.4/snappy-0.4.pom
#33 415.7 [INFO] Downloaded from central: https://repo.maven.apache.org/maven2/org/iq80/snappy/snappy/0.4/snappy-0.4.pom (15 kB at 8.9 kB/s)
#33 415.8 [INFO] Downloading from central: https://repo.maven.apache.org/maven2/org/tukaani/xz/1.9/xz-1.9.pom
#33 416.3 [INFO] Downloaded from central: https://repo.maven.apache.org/maven2/org/tukaani/xz/1.9/xz-1.9.pom (2.0 kB at 4.0 kB/s)
#33 416.4 [INFO] Downloading from central: https://repo.maven.apache.org/maven2/com/github/luben/zstd-jni/1.5.5-11/zstd-jni-1.5.5-11.pom
#33 416.7 [INFO] Downloaded from central: https://repo.maven.apache.org/maven2/com/github/luben/zstd-jni/1.5.5-11/zstd-jni-1.5.5-11.pom (2.0 kB at 5.9 kB/s)
#33 416.7 [INFO] Downloading from central: https://repo.maven.apache.org/maven2/org/codehaus/plexus/plexus-xml/3.0.0/plexus-xml-3.0.0.pom
#33 417.2 [INFO] Downloaded from central: https://repo.maven.apache.org/maven2/org/codehaus/plexus/plexus-xml/3.0.0/plexus-xml-3.0.0.pom (3.7 kB at 7.3 kB/s)
#33 417.2 [INFO] Downloading from central: https://repo.maven.apache.org/maven2/org/codehaus/plexus/plexus/13/plexus-13.pom
#33 419.1 [INFO] Downloaded from central: https://repo.maven.apache.org/maven2/org/codehaus/plexus/plexus/13/plexus-13.pom (27 kB at 15 kB/s)
#33 419.1 [INFO] Downloading from central: https://repo.maven.apache.org/maven2/org/junit/junit-bom/5.9.3/junit-bom-5.9.3.pom
#33 419.6 [INFO] Downloaded from central: https://repo.maven.apache.org/maven2/org/junit/junit-bom/5.9.3/junit-bom-5.9.3.pom (5.6 kB at 11 kB/s)
#33 419.6 [INFO] Downloading from central: https://repo.maven.apache.org/maven2/org/apache/maven/shared/maven-dependency-analyzer/1.14.1/maven-dependency-analyzer-1.14.1.pom
#33 420.1 [INFO] Downloaded from central: https://repo.maven.apache.org/maven2/org/apache/maven/shared/maven-dependency-analyzer/1.14.1/maven-dependency-analyzer-1.14.1.pom (6.4 kB at 13 kB/s)
#33 420.1 [INFO] Downloading from central: https://repo.maven.apache.org/maven2/org/apache/maven/shared/maven-shared-components/42/maven-shared-components-42.pom
#33 420.4 [INFO] Downloaded from central: https://repo.maven.apache.org/maven2/org/apache/maven/shared/maven-shared-components/42/maven-shared-components-42.pom (3.8 kB at 11 kB/s)
#33 420.4 [INFO] Downloading from central: https://repo.maven.apache.org/maven2/org/assertj/assertj-bom/3.25.3/assertj-bom-3.25.3.pom
#33 421.4 [INFO] Downloaded from central: https://repo.maven.apache.org/maven2/org/assertj/assertj-bom/3.25.3/assertj-bom-3.25.3.pom (3.7 kB at 3.8 kB/s)
#33 421.5 [INFO] Downloading from central: https://repo.maven.apache.org/maven2/org/ow2/asm/asm/9.7/asm-9.7.pom
#33 421.8 [INFO] Downloaded from central: https://repo.maven.apache.org/maven2/org/ow2/asm/asm/9.7/asm-9.7.pom (2.4 kB at 9.2 kB/s)
#33 421.8 [INFO] Downloading from central: https://repo.maven.apache.org/maven2/org/ow2/ow2/1.5.1/ow2-1.5.1.pom
#33 423.0 [INFO] Downloaded from central: https://repo.maven.apache.org/maven2/org/ow2/ow2/1.5.1/ow2-1.5.1.pom (11 kB at 9.0 kB/s)
#33 423.1 [INFO] Downloading from central: https://repo.maven.apache.org/maven2/org/apache/maven/shared/maven-dependency-tree/3.3.0/maven-dependency-tree-3.3.0.pom
#33 424.0 [INFO] Downloaded from central: https://repo.maven.apache.org/maven2/org/apache/maven/shared/maven-dependency-tree/3.3.0/maven-dependency-tree-3.3.0.pom (7.0 kB at 7.2 kB/s)
#33 424.1 [INFO] Downloading from central: https://repo.maven.apache.org/maven2/org/apache/maven/resolver/maven-resolver-util/1.4.1/maven-resolver-util-1.4.1.pom
#33 424.4 [INFO] Downloaded from central: https://repo.maven.apache.org/maven2/org/apache/maven/resolver/maven-resolver-util/1.4.1/maven-resolver-util-1.4.1.pom (2.8 kB at 8.2 kB/s)
#33 424.4 [INFO] Downloading from central: https://repo.maven.apache.org/maven2/org/apache/maven/resolver/maven-resolver/1.4.1/maven-resolver-1.4.1.pom
#33 426.6 [INFO] Downloaded from central: https://repo.maven.apache.org/maven2/org/apache/maven/resolver/maven-resolver/1.4.1/maven-resolver-1.4.1.pom (18 kB at 8.4 kB/s)
#33 426.6 [INFO] Downloading from central: https://repo.maven.apache.org/maven2/org/apache/maven/maven-parent/33/maven-parent-33.pom
#33 430.2 [INFO] Downloaded from central: https://repo.maven.apache.org/maven2/org/apache/maven/maven-parent/33/maven-parent-33.pom (44 kB at 12 kB/s)
#33 430.2 [INFO] Downloading from central: https://repo.maven.apache.org/maven2/org/apache/maven/resolver/maven-resolver-api/1.4.1/maven-resolver-api-1.4.1.pom
#33 430.8 [INFO] Downloaded from central: https://repo.maven.apache.org/maven2/org/apache/maven/resolver/maven-resolver-api/1.4.1/maven-resolver-api-1.4.1.pom (2.6 kB at 4.6 kB/s)
#33 430.8 [INFO] Downloading from central: https://repo.maven.apache.org/maven2/org/apache/maven/shared/maven-common-artifact-filters/3.3.2/maven-common-artifact-filters-3.3.2.pom
#33 432.1 [INFO] Downloaded from central: https://repo.maven.apache.org/maven2/org/apache/maven/shared/maven-common-artifact-filters/3.3.2/maven-common-artifact-filters-3.3.2.pom (5.3 kB at 4.0 kB/s)
#33 432.1 [INFO] Downloading from central: https://repo.maven.apache.org/maven2/org/apache/maven/shared/maven-shared-components/37/maven-shared-components-37.pom
#33 433.3 [INFO] Downloaded from central: https://repo.maven.apache.org/maven2/org/apache/maven/shared/maven-shared-components/37/maven-shared-components-37.pom (4.9 kB at 4.2 kB/s)
#33 433.3 [INFO] Downloading from central: https://repo.maven.apache.org/maven2/org/apache/maven/maven-parent/37/maven-parent-37.pom
#33 438.0 [INFO] Downloaded from central: https://repo.maven.apache.org/maven2/org/apache/maven/maven-parent/37/maven-parent-37.pom (46 kB at 9.7 kB/s)
#33 438.0 [INFO] Downloading from central: https://repo.maven.apache.org/maven2/org/apache/apache/27/apache-27.pom
#33 439.2 [INFO] Downloaded from central: https://repo.maven.apache.org/maven2/org/apache/apache/27/apache-27.pom (20 kB at 16 kB/s)
#33 439.3 [INFO] Downloading from central: https://repo.maven.apache.org/maven2/org/apache/maven/shared/maven-artifact-transfer/0.13.1/maven-artifact-transfer-0.13.1.pom
#33 439.8 [INFO] Downloaded from central: https://repo.maven.apache.org/maven2/org/apache/maven/shared/maven-artifact-transfer/0.13.1/maven-artifact-transfer-0.13.1.pom (11 kB at 21 kB/s)
#33 439.8 [INFO] Downloading from central: https://repo.maven.apache.org/maven2/org/apache/maven/shared/maven-common-artifact-filters/3.1.0/maven-common-artifact-filters-3.1.0.pom
#33 440.1 [INFO] Downloaded from central: https://repo.maven.apache.org/maven2/org/apache/maven/shared/maven-common-artifact-filters/3.1.0/maven-common-artifact-filters-3.1.0.pom (5.3 kB at 16 kB/s)
#33 440.2 [INFO] Downloading from central: https://repo.maven.apache.org/maven2/org/apache/maven/shared/maven-shared-components/33/maven-shared-components-33.pom
#33 441.2 [INFO] Downloaded from central: https://repo.maven.apache.org/maven2/org/apache/maven/shared/maven-shared-components/33/maven-shared-components-33.pom (5.1 kB at 4.8 kB/s)
#33 441.2 [INFO] Downloading from central: https://repo.maven.apache.org/maven2/org/apache/maven/maven-model/3.0/maven-model-3.0.pom
#33 441.6 [INFO] Downloaded from central: https://repo.maven.apache.org/maven2/org/apache/maven/maven-model/3.0/maven-model-3.0.pom (3.9 kB at 10 kB/s)
#33 441.6 [INFO] Downloading from central: https://repo.maven.apache.org/maven2/org/apache/maven/maven/3.0/maven-3.0.pom
#33 442.9 [INFO] Downloaded from central: https://repo.maven.apache.org/maven2/org/apache/maven/maven/3.0/maven-3.0.pom (22 kB at 18 kB/s)
#33 442.9 [INFO] Downloading from central: https://repo.maven.apache.org/maven2/org/apache/maven/maven-parent/15/maven-parent-15.pom
#33 444.0 [INFO] Downloaded from central: https://repo.maven.apache.org/maven2/org/apache/maven/maven-parent/15/maven-parent-15.pom (24 kB at 20 kB/s)
#33 444.1 [INFO] Downloading from central: https://repo.maven.apache.org/maven2/org/apache/apache/6/apache-6.pom
#33 445.3 [INFO] Downloaded from central: https://repo.maven.apache.org/maven2/org/apache/apache/6/apache-6.pom (13 kB at 10 kB/s)
#33 445.3 [INFO] Downloading from central: https://repo.maven.apache.org/maven2/org/apache/maven/maven-plugin-api/3.0/maven-plugin-api-3.0.pom
#33 446.3 [INFO] Downloaded from central: https://repo.maven.apache.org/maven2/org/apache/maven/maven-plugin-api/3.0/maven-plugin-api-3.0.pom (2.3 kB at 2.3 kB/s)
#33 446.3 [INFO] Downloading from central: https://repo.maven.apache.org/maven2/org/sonatype/sisu/sisu-inject-plexus/1.4.2/sisu-inject-plexus-1.4.2.pom
#33 446.8 [INFO] Downloaded from central: https://repo.maven.apache.org/maven2/org/sonatype/sisu/sisu-inject-plexus/1.4.2/sisu-inject-plexus-1.4.2.pom (5.4 kB at 10 kB/s)
#33 446.9 [INFO] Downloading from central: https://repo.maven.apache.org/maven2/org/sonatype/sisu/inject/guice-plexus/1.4.2/guice-plexus-1.4.2.pom
#33 447.9 [INFO] Downloaded from central: https://repo.maven.apache.org/maven2/org/sonatype/sisu/inject/guice-plexus/1.4.2/guice-plexus-1.4.2.pom (3.1 kB at 2.9 kB/s)
#33 447.9 [INFO] Downloading from central: https://repo.maven.apache.org/maven2/org/sonatype/sisu/inject/guice-bean/1.4.2/guice-bean-1.4.2.pom
#33 448.2 [INFO] Downloaded from central: https://repo.maven.apache.org/maven2/org/sonatype/sisu/inject/guice-bean/1.4.2/guice-bean-1.4.2.pom (2.6 kB at 10 kB/s)
#33 448.2 [INFO] Downloading from central: https://repo.maven.apache.org/maven2/org/sonatype/sisu/sisu-inject/1.4.2/sisu-inject-1.4.2.pom
#33 448.4 [INFO] Downloaded from central: https://repo.maven.apache.org/maven2/org/sonatype/sisu/sisu-inject/1.4.2/sisu-inject-1.4.2.pom (1.2 kB at 4.9 kB/s)
#33 448.5 [INFO] Downloading from central: https://repo.maven.apache.org/maven2/org/sonatype/sisu/sisu-parent/1.4.2/sisu-parent-1.4.2.pom
#33 449.0 [INFO] Downloaded from central: https://repo.maven.apache.org/maven2/org/sonatype/sisu/sisu-parent/1.4.2/sisu-parent-1.4.2.pom (7.8 kB at 14 kB/s)
#33 449.0 [INFO] Downloading from central: https://repo.maven.apache.org/maven2/org/sonatype/forge/forge-parent/6/forge-parent-6.pom
#33 450.2 [INFO] Downloaded from central: https://repo.maven.apache.org/maven2/org/sonatype/forge/forge-parent/6/forge-parent-6.pom (11 kB at 9.2 kB/s)
#33 450.2 [INFO] Downloading from central: https://repo.maven.apache.org/maven2/org/codehaus/plexus/plexus-component-annotations/1.5.4/plexus-component-annotations-1.5.4.pom
#33 450.5 [INFO] Downloaded from central: https://repo.maven.apache.org/maven2/org/codehaus/plexus/plexus-component-annotations/1.5.4/plexus-component-annotations-1.5.4.pom (815 B at 3.3 kB/s)
#33 450.5 [INFO] Downloading from central: https://repo.maven.apache.org/maven2/org/codehaus/plexus/plexus-containers/1.5.4/plexus-containers-1.5.4.pom
#33 451.1 [INFO] Downloaded from central: https://repo.maven.apache.org/maven2/org/codehaus/plexus/plexus-containers/1.5.4/plexus-containers-1.5.4.pom (4.2 kB at 6.8 kB/s)
#33 451.1 [INFO] Downloading from central: https://repo.maven.apache.org/maven2/org/codehaus/plexus/plexus/2.0.5/plexus-2.0.5.pom
#33 451.7 [INFO] Downloaded from central: https://repo.maven.apache.org/maven2/org/codehaus/plexus/plexus/2.0.5/plexus-2.0.5.pom (17 kB at 27 kB/s)
#33 451.8 [INFO] Downloading from central: https://repo.maven.apache.org/maven2/org/codehaus/plexus/plexus-classworlds/2.2.3/plexus-classworlds-2.2.3.pom
#33 452.3 [INFO] Downloaded from central: https://repo.maven.apache.org/maven2/org/codehaus/plexus/plexus-classworlds/2.2.3/plexus-classworlds-2.2.3.pom (4.0 kB at 7.3 kB/s)
#33 452.3 [INFO] Downloading from central: https://repo.maven.apache.org/maven2/org/codehaus/plexus/plexus/2.0.6/plexus-2.0.6.pom
#33 453.1 [INFO] Downloaded from central: https://repo.maven.apache.org/maven2/org/codehaus/plexus/plexus/2.0.6/plexus-2.0.6.pom (17 kB at 21 kB/s)
#33 453.1 [INFO] Downloading from central: https://repo.maven.apache.org/maven2/org/sonatype/sisu/sisu-inject-bean/1.4.2/sisu-inject-bean-1.4.2.pom
#33 453.4 [INFO] Downloaded from central: https://repo.maven.apache.org/maven2/org/sonatype/sisu/sisu-inject-bean/1.4.2/sisu-inject-bean-1.4.2.pom (5.5 kB at 16 kB/s)
#33 453.5 [INFO] Downloading from central: https://repo.maven.apache.org/maven2/org/sonatype/sisu/sisu-guice/2.1.7/sisu-guice-2.1.7.pom
#33 454.2 [INFO] Downloaded from central: https://repo.maven.apache.org/maven2/org/sonatype/sisu/sisu-guice/2.1.7/sisu-guice-2.1.7.pom (11 kB at 15 kB/s)
#33 454.2 [INFO] Downloading from central: https://repo.maven.apache.org/maven2/org/apache/maven/shared/maven-shared-utils/3.1.0/maven-shared-utils-3.1.0.pom
#33 455.0 [INFO] Downloaded from central: https://repo.maven.apache.org/maven2/org/apache/maven/shared/maven-shared-utils/3.1.0/maven-shared-utils-3.1.0.pom (5.0 kB at 6.4 kB/s)
#33 455.0 [INFO] Downloading from central: https://repo.maven.apache.org/maven2/org/apache/maven/shared/maven-shared-components/30/maven-shared-components-30.pom
#33 456.1 [INFO] Downloaded from central: https://repo.maven.apache.org/maven2/org/apache/maven/shared/maven-shared-components/30/maven-shared-components-30.pom (4.6 kB at 4.1 kB/s)
#33 456.1 [INFO] Downloading from central: https://repo.maven.apache.org/maven2/org/apache/maven/maven-parent/30/maven-parent-30.pom
#33 460.6 [INFO] Downloaded from central: https://repo.maven.apache.org/maven2/org/apache/maven/maven-parent/30/maven-parent-30.pom (41 kB at 9.1 kB/s)
#33 460.7 [INFO] Downloading from central: https://repo.maven.apache.org/maven2/commons-io/commons-io/2.5/commons-io-2.5.pom
#33 461.6 [INFO] Downloaded from central: https://repo.maven.apache.org/maven2/commons-io/commons-io/2.5/commons-io-2.5.pom (13 kB at 15 kB/s)
#33 461.6 [INFO] Downloading from central: https://repo.maven.apache.org/maven2/org/slf4j/slf4j-api/1.7.5/slf4j-api-1.7.5.pom
#33 462.6 [INFO] Downloaded from central: https://repo.maven.apache.org/maven2/org/slf4j/slf4j-api/1.7.5/slf4j-api-1.7.5.pom (2.7 kB at 2.6 kB/s)
#33 462.6 [INFO] Downloading from central: https://repo.maven.apache.org/maven2/org/slf4j/slf4j-parent/1.7.5/slf4j-parent-1.7.5.pom
#33 463.6 [INFO] Downloaded from central: https://repo.maven.apache.org/maven2/org/slf4j/slf4j-parent/1.7.5/slf4j-parent-1.7.5.pom (12 kB at 11 kB/s)
#33 463.6 [INFO] Downloading from central: https://repo.maven.apache.org/maven2/org/apache/maven/shared/maven-shared-utils/3.4.2/maven-shared-utils-3.4.2.pom
#33 464.7 [INFO] Downloaded from central: https://repo.maven.apache.org/maven2/org/apache/maven/shared/maven-shared-utils/3.4.2/maven-shared-utils-3.4.2.pom (5.9 kB at 5.8 kB/s)
#33 464.7 [INFO] Downloading from central: https://repo.maven.apache.org/maven2/org/apache/maven/shared/maven-shared-components/39/maven-shared-components-39.pom
#33 465.2 [INFO] Downloaded from central: https://repo.maven.apache.org/maven2/org/apache/maven/shared/maven-shared-components/39/maven-shared-components-39.pom (3.2 kB at 5.5 kB/s)
#33 465.2 [INFO] Downloading from central: https://repo.maven.apache.org/maven2/org/apache/maven/maven-parent/39/maven-parent-39.pom
#33 467.8 [INFO] Downloaded from central: https://repo.maven.apache.org/maven2/org/apache/maven/maven-parent/39/maven-parent-39.pom (48 kB at 18 kB/s)
#33 467.9 [INFO] Downloading from central: https://repo.maven.apache.org/maven2/commons-io/commons-io/2.11.0/commons-io-2.11.0.pom
#33 469.0 [INFO] Downloaded from central: https://repo.maven.apache.org/maven2/commons-io/commons-io/2.11.0/commons-io-2.11.0.pom (20 kB at 17 kB/s)
#33 469.1 [INFO] Downloading from central: https://repo.maven.apache.org/maven2/org/apache/commons/commons-parent/52/commons-parent-52.pom
#33 474.9 [INFO] Downloaded from central: https://repo.maven.apache.org/maven2/org/apache/commons/commons-parent/52/commons-parent-52.pom (79 kB at 14 kB/s)
#33 474.9 [INFO] Downloading from central: https://repo.maven.apache.org/maven2/org/junit/junit-bom/5.7.2/junit-bom-5.7.2.pom
#33 475.4 [INFO] Downloaded from central: https://repo.maven.apache.org/maven2/org/junit/junit-bom/5.7.2/junit-bom-5.7.2.pom (5.1 kB at 10 kB/s)
#33 475.4 [INFO] Downloading from central: https://repo.maven.apache.org/maven2/org/sonatype/plexus/plexus-build-api/0.0.7/plexus-build-api-0.0.7.pom
#33 475.7 [INFO] Downloaded from central: https://repo.maven.apache.org/maven2/org/sonatype/plexus/plexus-build-api/0.0.7/plexus-build-api-0.0.7.pom (3.2 kB at 9.7 kB/s)
#33 475.7 [INFO] Downloading from central: https://repo.maven.apache.org/maven2/org/sonatype/spice/spice-parent/15/spice-parent-15.pom
#33 476.4 [INFO] Downloaded from central: https://repo.maven.apache.org/maven2/org/sonatype/spice/spice-parent/15/spice-parent-15.pom (8.4 kB at 13 kB/s)
#33 476.4 [INFO] Downloading from central: https://repo.maven.apache.org/maven2/org/sonatype/forge/forge-parent/5/forge-parent-5.pom
#33 476.9 [INFO] Downloaded from central: https://repo.maven.apache.org/maven2/org/sonatype/forge/forge-parent/5/forge-parent-5.pom (8.4 kB at 16 kB/s)
#33 476.9 [INFO] Downloading from central: https://repo.maven.apache.org/maven2/org/apache/maven/doxia/doxia-sink-api/1.12.0/doxia-sink-api-1.12.0.jar
#33 478.6 [INFO] Downloaded from central: https://repo.maven.apache.org/maven2/org/apache/maven/doxia/doxia-sink-api/1.12.0/doxia-sink-api-1.12.0.jar (12 kB at 7.1 kB/s)
#33 478.6 [INFO] Downloading from central: https://repo.maven.apache.org/maven2/org/apache/maven/doxia/doxia-logging-api/1.12.0/doxia-logging-api-1.12.0.jar
#33 478.6 [INFO] Downloading from central: https://repo.maven.apache.org/maven2/org/apache/maven/reporting/maven-reporting-api/3.1.1/maven-reporting-api-3.1.1.jar
#33 478.6 [INFO] Downloading from central: https://repo.maven.apache.org/maven2/org/apache/maven/reporting/maven-reporting-impl/3.2.0/maven-reporting-impl-3.2.0.jar
#33 478.6 [INFO] Downloading from central: https://repo.maven.apache.org/maven2/org/apache/maven/doxia/doxia-decoration-model/1.11.1/doxia-decoration-model-1.11.1.jar
#33 478.7 [INFO] Downloading from central: https://repo.maven.apache.org/maven2/org/apache/maven/doxia/doxia-core/1.11.1/doxia-core-1.11.1.jar
#33 479.4 [INFO] Downloaded from central: https://repo.maven.apache.org/maven2/org/apache/maven/doxia/doxia-logging-api/1.12.0/doxia-logging-api-1.12.0.jar (12 kB at 14 kB/s)
#33 479.4 [INFO] Downloading from central: https://repo.maven.apache.org/maven2/org/apache/commons/commons-lang3/3.8.1/commons-lang3-3.8.1.jar
#33 479.7 [INFO] Downloaded from central: https://repo.maven.apache.org/maven2/org/apache/maven/reporting/maven-reporting-api/3.1.1/maven-reporting-api-3.1.1.jar (11 kB at 9.6 kB/s)
#33 479.7 [INFO] Downloading from central: https://repo.maven.apache.org/maven2/org/apache/commons/commons-text/1.12.0/commons-text-1.12.0.jar
#33 480.3 [INFO] Downloaded from central: https://repo.maven.apache.org/maven2/org/apache/maven/doxia/doxia-decoration-model/1.11.1/doxia-decoration-model-1.11.1.jar (60 kB at 35 kB/s)
#33 480.3 [INFO] Downloading from central: https://repo.maven.apache.org/maven2/org/apache/httpcomponents/httpclient/4.5.13/httpclient-4.5.13.jar
#33 481.9 [INFO] Downloaded from central: https://repo.maven.apache.org/maven2/org/apache/maven/reporting/maven-reporting-impl/3.2.0/maven-reporting-impl-3.2.0.jar (20 kB at 5.9 kB/s)
#33 481.9 [INFO] Downloading from central: https://repo.maven.apache.org/maven2/commons-logging/commons-logging/1.2/commons-logging-1.2.jar
#33 482.0 [INFO] Downloaded from central: https://repo.maven.apache.org/maven2/org/apache/maven/doxia/doxia-core/1.11.1/doxia-core-1.11.1.jar (218 kB at 65 kB/s)
#33 482.0 [INFO] Downloading from central: https://repo.maven.apache.org/maven2/org/apache/httpcomponents/httpcore/4.4.14/httpcore-4.4.14.jar
#33 484.4 [INFO] Downloaded from central: https://repo.maven.apache.org/maven2/org/apache/commons/commons-text/1.12.0/commons-text-1.12.0.jar (251 kB at 43 kB/s)
#33 484.4 [INFO] Downloading from central: https://repo.maven.apache.org/maven2/org/apache/maven/doxia/doxia-integration-tools/1.11.1/doxia-integration-tools-1.11.1.jar
#33 484.7 [INFO] Downloaded from central: https://repo.maven.apache.org/maven2/commons-logging/commons-logging/1.2/commons-logging-1.2.jar (62 kB at 10 kB/s)
#33 484.7 [INFO] Downloading from central: https://repo.maven.apache.org/maven2/org/codehaus/plexus/plexus-interpolation/1.26/plexus-interpolation-1.26.jar
#33 488.1 [INFO] Downloaded from central: https://repo.maven.apache.org/maven2/org/codehaus/plexus/plexus-interpolation/1.26/plexus-interpolation-1.26.jar (85 kB at 9.0 kB/s)
#33 488.1 [INFO] Downloading from central: https://repo.maven.apache.org/maven2/org/apache/maven/doxia/doxia-site-renderer/1.11.1/doxia-site-renderer-1.11.1.jar
#33 489.5 [INFO] Downloaded from central: https://repo.maven.apache.org/maven2/org/apache/maven/doxia/doxia-integration-tools/1.11.1/doxia-integration-tools-1.11.1.jar (47 kB at 4.3 kB/s)
#33 489.5 [INFO] Downloading from central: https://repo.maven.apache.org/maven2/org/apache/maven/doxia/doxia-skin-model/1.11.1/doxia-skin-model-1.11.1.jar
#33 490.9 [INFO] Downloaded from central: https://repo.maven.apache.org/maven2/org/apache/maven/doxia/doxia-site-renderer/1.11.1/doxia-site-renderer-1.11.1.jar (65 kB at 5.3 kB/s)
#33 490.9 [INFO] Downloading from central: https://repo.maven.apache.org/maven2/org/apache/maven/doxia/doxia-module-xhtml/1.11.1/doxia-module-xhtml-1.11.1.jar
#33 491.3 [INFO] Downloaded from central: https://repo.maven.apache.org/maven2/org/apache/maven/doxia/doxia-skin-model/1.11.1/doxia-skin-model-1.11.1.jar (16 kB at 1.3 kB/s)
#33 491.3 [INFO] Downloading from central: https://repo.maven.apache.org/maven2/org/apache/maven/doxia/doxia-module-xhtml5/1.11.1/doxia-module-xhtml5-1.11.1.jar
#33 492.5 [INFO] Downloaded from central: https://repo.maven.apache.org/maven2/org/apache/maven/doxia/doxia-module-xhtml/1.11.1/doxia-module-xhtml-1.11.1.jar (17 kB at 1.2 kB/s)
#33 492.5 [INFO] Downloading from central: https://repo.maven.apache.org/maven2/org/codehaus/plexus/plexus-velocity/1.2/plexus-velocity-1.2.jar
#33 492.6 [INFO] Downloaded from central: https://repo.maven.apache.org/maven2/org/apache/maven/doxia/doxia-module-xhtml5/1.11.1/doxia-module-xhtml5-1.11.1.jar (18 kB at 1.3 kB/s)
#33 492.6 [INFO] Downloading from central: https://repo.maven.apache.org/maven2/org/apache/velocity/velocity/1.7/velocity-1.7.jar
#33 493.2 [INFO] Downloaded from central: https://repo.maven.apache.org/maven2/org/codehaus/plexus/plexus-velocity/1.2/plexus-velocity-1.2.jar (8.1 kB at 554 B/s)
#33 493.2 [INFO] Downloading from central: https://repo.maven.apache.org/maven2/commons-lang/commons-lang/2.4/commons-lang-2.4.jar
#33 503.0 [INFO] Downloaded from central: https://repo.maven.apache.org/maven2/org/apache/httpcomponents/httpcore/4.4.14/httpcore-4.4.14.jar (328 kB at 13 kB/s)
#33 503.0 [INFO] Downloading from central: https://repo.maven.apache.org/maven2/org/apache/velocity/velocity-tools/2.0/velocity-tools-2.0.jar
#33 512.9 [INFO] Downloaded from central: https://repo.maven.apache.org/maven2/commons-lang/commons-lang/2.4/commons-lang-2.4.jar (262 kB at 7.6 kB/s)
#33 512.9 [INFO] Downloading from central: https://repo.maven.apache.org/maven2/commons-beanutils/commons-beanutils/1.7.0/commons-beanutils-1.7.0.jar
#33 520.9 [INFO] Downloaded from central: https://repo.maven.apache.org/maven2/org/apache/commons/commons-lang3/3.8.1/commons-lang3-3.8.1.jar (502 kB at 12 kB/s)
#33 520.9 [INFO] Downloading from central: https://repo.maven.apache.org/maven2/commons-digester/commons-digester/1.8/commons-digester-1.8.jar
#33 524.9 [INFO] Downloaded from central: https://repo.maven.apache.org/maven2/org/apache/velocity/velocity/1.7/velocity-1.7.jar (450 kB at 9.7 kB/s)
#33 524.9 [INFO] Downloading from central: https://repo.maven.apache.org/maven2/commons-chain/commons-chain/1.1/commons-chain-1.1.jar
#33 527.2 [INFO] Downloaded from central: https://repo.maven.apache.org/maven2/org/apache/httpcomponents/httpclient/4.5.13/httpclient-4.5.13.jar (780 kB at 16 kB/s)
#33 527.2 [INFO] Downloading from central: https://repo.maven.apache.org/maven2/dom4j/dom4j/1.1/dom4j-1.1.jar
#33 528.5 [INFO] Downloaded from central: https://repo.maven.apache.org/maven2/commons-beanutils/commons-beanutils/1.7.0/commons-beanutils-1.7.0.jar (189 kB at 3.8 kB/s)
#33 528.5 [INFO] Downloading from central: https://repo.maven.apache.org/maven2/oro/oro/2.0.8/oro-2.0.8.jar
#33 529.3 [INFO] Downloaded from central: https://repo.maven.apache.org/maven2/commons-chain/commons-chain/1.1/commons-chain-1.1.jar (90 kB at 1.8 kB/s)
#33 529.3 [INFO] Downloading from central: https://repo.maven.apache.org/maven2/commons-collections/commons-collections/3.2.2/commons-collections-3.2.2.jar
#33 529.8 [INFO] Downloaded from central: https://repo.maven.apache.org/maven2/commons-digester/commons-digester/1.8/commons-digester-1.8.jar (144 kB at 2.8 kB/s)
#33 529.8 [INFO] Downloading from central: https://repo.maven.apache.org/maven2/org/codehaus/plexus/plexus-archiver/4.9.2/plexus-archiver-4.9.2.jar
#33 531.5 [INFO] Downloaded from central: https://repo.maven.apache.org/maven2/org/apache/velocity/velocity-tools/2.0/velocity-tools-2.0.jar (347 kB at 6.6 kB/s)
#33 531.5 [INFO] Downloading from central: https://repo.maven.apache.org/maven2/commons-io/commons-io/2.15.1/commons-io-2.15.1.jar
#33 533.8 [INFO] Downloaded from central: https://repo.maven.apache.org/maven2/oro/oro/2.0.8/oro-2.0.8.jar (65 kB at 1.2 kB/s)
#33 533.8 [INFO] Downloading from central: https://repo.maven.apache.org/maven2/org/apache/commons/commons-compress/1.26.1/commons-compress-1.26.1.jar
#33 544.0 [INFO] Downloaded from central: https://repo.maven.apache.org/maven2/org/codehaus/plexus/plexus-archiver/4.9.2/plexus-archiver-4.9.2.jar (225 kB at 3.4 kB/s)
#33 544.0 [INFO] Downloading from central: https://repo.maven.apache.org/maven2/commons-codec/commons-codec/1.16.1/commons-codec-1.16.1.jar
#33 560.0 [INFO] Downloaded from central: https://repo.maven.apache.org/maven2/commons-io/commons-io/2.15.1/commons-io-2.15.1.jar (501 kB at 6.2 kB/s)
#33 560.0 [INFO] Downloading from central: https://repo.maven.apache.org/maven2/org/iq80/snappy/snappy/0.4/snappy-0.4.jar
#33 560.3 [INFO] Downloaded from central: https://repo.maven.apache.org/maven2/dom4j/dom4j/1.1/dom4j-1.1.jar (457 kB at 5.6 kB/s)
#33 560.3 [INFO] Downloading from central: https://repo.maven.apache.org/maven2/org/tukaani/xz/1.9/xz-1.9.jar
#33 565.2 [INFO] Downloaded from central: https://repo.maven.apache.org/maven2/org/iq80/snappy/snappy/0.4/snappy-0.4.jar (58 kB at 669 B/s)
#33 565.2 [INFO] Downloading from central: https://repo.maven.apache.org/maven2/com/github/luben/zstd-jni/1.5.5-11/zstd-jni-1.5.5-11.jar
#33 565.3 [INFO] Downloaded from central: https://repo.maven.apache.org/maven2/commons-codec/commons-codec/1.16.1/commons-codec-1.16.1.jar (365 kB at 4.2 kB/s)
#33 565.3 [INFO] Downloading from central: https://repo.maven.apache.org/maven2/org/codehaus/plexus/plexus-utils/4.0.1/plexus-utils-4.0.1.jar
#33 566.8 [INFO] Downloaded from central: https://repo.maven.apache.org/maven2/org/tukaani/xz/1.9/xz-1.9.jar (116 kB at 1.3 kB/s)
#33 566.8 [INFO] Downloading from central: https://repo.maven.apache.org/maven2/org/codehaus/plexus/plexus-xml/3.0.0/plexus-xml-3.0.0.jar
#33 572.8 [INFO] Downloaded from central: https://repo.maven.apache.org/maven2/commons-collections/commons-collections/3.2.2/commons-collections-3.2.2.jar (588 kB at 6.2 kB/s)
#33 572.8 [INFO] Downloading from central: https://repo.maven.apache.org/maven2/org/codehaus/plexus/plexus-io/3.4.2/plexus-io-3.4.2.jar
#33 575.6 [INFO] Downloaded from central: https://repo.maven.apache.org/maven2/org/codehaus/plexus/plexus-xml/3.0.0/plexus-xml-3.0.0.jar (93 kB at 958 B/s)
#33 575.6 [INFO] Downloading from central: https://repo.maven.apache.org/maven2/org/codehaus/plexus/plexus-i18n/1.0-beta-10/plexus-i18n-1.0-beta-10.jar
#33 576.7 [INFO] Downloaded from central: https://repo.maven.apache.org/maven2/org/codehaus/plexus/plexus-i18n/1.0-beta-10/plexus-i18n-1.0-beta-10.jar (12 kB at 121 B/s)
#33 576.7 [INFO] Downloading from central: https://repo.maven.apache.org/maven2/org/apache/maven/shared/maven-dependency-analyzer/1.14.1/maven-dependency-analyzer-1.14.1.jar
#33 577.9 [INFO] Downloaded from central: https://repo.maven.apache.org/maven2/org/codehaus/plexus/plexus-io/3.4.2/plexus-io-3.4.2.jar (79 kB at 795 B/s)
#33 577.9 [INFO] Downloading from central: https://repo.maven.apache.org/maven2/org/ow2/asm/asm/9.7/asm-9.7.jar
#33 578.4 [INFO] Downloaded from central: https://repo.maven.apache.org/maven2/org/codehaus/plexus/plexus-utils/4.0.1/plexus-utils-4.0.1.jar (193 kB at 1.9 kB/s)
#33 578.4 [INFO] Downloading from central: https://repo.maven.apache.org/maven2/org/apache/maven/shared/maven-dependency-tree/3.3.0/maven-dependency-tree-3.3.0.jar
#33 579.3 [INFO] Downloaded from central: https://repo.maven.apache.org/maven2/org/apache/maven/shared/maven-dependency-analyzer/1.14.1/maven-dependency-analyzer-1.14.1.jar (42 kB at 412 B/s)
#33 579.3 [INFO] Downloading from central: https://repo.maven.apache.org/maven2/org/apache/maven/shared/maven-common-artifact-filters/3.3.2/maven-common-artifact-filters-3.3.2.jar
#33 582.2 [INFO] Downloaded from central: https://repo.maven.apache.org/maven2/org/apache/maven/shared/maven-dependency-tree/3.3.0/maven-dependency-tree-3.3.0.jar (43 kB at 413 B/s)
#33 582.2 [INFO] Downloading from central: https://repo.maven.apache.org/maven2/org/apache/maven/shared/maven-artifact-transfer/0.13.1/maven-artifact-transfer-0.13.1.jar
#33 586.1 [INFO] Downloaded from central: https://repo.maven.apache.org/maven2/org/ow2/asm/asm/9.7/asm-9.7.jar (125 kB at 1.2 kB/s)
#33 586.1 [INFO] Downloading from central: https://repo.maven.apache.org/maven2/org/codehaus/plexus/plexus-component-annotations/2.0.0/plexus-component-annotations-2.0.0.jar
#33 586.5 [INFO] Downloaded from central: https://repo.maven.apache.org/maven2/org/codehaus/plexus/plexus-component-annotations/2.0.0/plexus-component-annotations-2.0.0.jar (4.2 kB at 39 B/s)
#33 586.5 [INFO] Downloading from central: https://repo.maven.apache.org/maven2/org/apache/maven/shared/maven-shared-utils/3.4.2/maven-shared-utils-3.4.2.jar
#33 587.0 [INFO] Downloaded from central: https://repo.maven.apache.org/maven2/org/apache/maven/shared/maven-common-artifact-filters/3.3.2/maven-common-artifact-filters-3.3.2.jar (58 kB at 537 B/s)
#33 587.0 [INFO] Downloading from central: https://repo.maven.apache.org/maven2/org/apache/maven/resolver/maven-resolver-util/1.4.1/maven-resolver-util-1.4.1.jar
#33 590.4 [INFO] Downloaded from central: https://repo.maven.apache.org/maven2/org/apache/maven/shared/maven-artifact-transfer/0.13.1/maven-artifact-transfer-0.13.1.jar (159 kB at 1.4 kB/s)
#33 590.4 [INFO] Downloading from central: https://repo.maven.apache.org/maven2/org/apache/maven/resolver/maven-resolver-api/1.4.1/maven-resolver-api-1.4.1.jar
#33 595.8 [INFO] Downloaded from central: https://repo.maven.apache.org/maven2/org/apache/maven/resolver/maven-resolver-util/1.4.1/maven-resolver-util-1.4.1.jar (168 kB at 1.4 kB/s)
#33 595.8 [INFO] Downloading from central: https://repo.maven.apache.org/maven2/org/sonatype/plexus/plexus-build-api/0.0.7/plexus-build-api-0.0.7.jar
#33 596.7 [INFO] Downloaded from central: https://repo.maven.apache.org/maven2/org/apache/commons/commons-compress/1.26.1/commons-compress-1.26.1.jar (1.1 MB at 9.1 kB/s)
#33 596.7 [INFO] Downloading from central: https://repo.maven.apache.org/maven2/org/slf4j/slf4j-api/1.7.36/slf4j-api-1.7.36.jar
#33 596.9 [INFO] Downloaded from central: https://repo.maven.apache.org/maven2/org/apache/maven/shared/maven-shared-utils/3.4.2/maven-shared-utils-3.4.2.jar (151 kB at 1.3 kB/s)
#33 597.1 [INFO] Downloaded from central: https://repo.maven.apache.org/maven2/org/sonatype/plexus/plexus-build-api/0.0.7/plexus-build-api-0.0.7.jar (8.5 kB at 71 B/s)
#33 599.9 [INFO] Downloaded from central: https://repo.maven.apache.org/maven2/org/slf4j/slf4j-api/1.7.36/slf4j-api-1.7.36.jar (41 kB at 338 B/s)
#33 603.4 [INFO] Downloaded from central: https://repo.maven.apache.org/maven2/org/apache/maven/resolver/maven-resolver-api/1.4.1/maven-resolver-api-1.4.1.jar (149 kB at 1.2 kB/s)
#33 1049.3 [INFO] Downloaded from central: https://repo.maven.apache.org/maven2/com/github/luben/zstd-jni/1.5.5-11/zstd-jni-1.5.5-11.jar (6.8 MB at 12 kB/s)
#33 1050.9 [INFO] 
#33 1050.9 [INFO] The following files have been resolved:
#33 1050.9 [INFO]    none
#33 1050.9 [INFO] 
#33 1050.9 [INFO] 
#33 1050.9 [INFO] ---------------------------< cn.widdo:widdo >---------------------------
#33 1050.9 [INFO] Building widdo 353.0.0.0                                          [2/21]
#33 1050.9 [INFO]   from pom.xml
#33 1050.9 [INFO] --------------------------------[ pom ]---------------------------------
#33 1051.0 [INFO] Downloading from central: https://repo.maven.apache.org/maven2/org/springframework/boot/spring-boot-maven-plugin/3.5.3/spring-boot-maven-plugin-3.5.3.pom
#33 1052.3 [INFO] Downloaded from central: https://repo.maven.apache.org/maven2/org/springframework/boot/spring-boot-maven-plugin/3.5.3/spring-boot-maven-plugin-3.5.3.pom (4.0 kB at 3.0 kB/s)
#33 1052.3 [INFO] Downloading from central: https://repo.maven.apache.org/maven2/org/springframework/boot/spring-boot-maven-plugin/3.5.3/spring-boot-maven-plugin-3.5.3.jar
#33 1054.5 [INFO] Downloaded from central: https://repo.maven.apache.org/maven2/org/springframework/boot/spring-boot-maven-plugin/3.5.3/spring-boot-maven-plugin-3.5.3.jar (138 kB at 64 kB/s)
#33 1054.5 [INFO] Downloading from central: https://repo.maven.apache.org/maven2/org/apache/maven/plugins/maven-compiler-plugin/3.8.1/maven-compiler-plugin-3.8.1.pom
#33 1055.1 [INFO] Downloaded from central: https://repo.maven.apache.org/maven2/org/apache/maven/plugins/maven-compiler-plugin/3.8.1/maven-compiler-plugin-3.8.1.pom (12 kB at 22 kB/s)
#33 1055.1 [INFO] Downloading from central: https://repo.maven.apache.org/maven2/org/apache/maven/plugins/maven-plugins/33/maven-plugins-33.pom
#33 1055.6 [INFO] Downloaded from central: https://repo.maven.apache.org/maven2/org/apache/maven/plugins/maven-plugins/33/maven-plugins-33.pom (11 kB at 18 kB/s)
#33 1055.7 [INFO] Downloading from central: https://repo.maven.apache.org/maven2/org/apache/maven/plugins/maven-compiler-plugin/3.8.1/maven-compiler-plugin-3.8.1.jar
#33 1063.1 [INFO] Downloaded from central: https://repo.maven.apache.org/maven2/org/apache/maven/plugins/maven-compiler-plugin/3.8.1/maven-compiler-plugin-3.8.1.jar (62 kB at 8.4 kB/s)
#33 1063.2 [INFO] Downloading from central: https://repo.maven.apache.org/maven2/org/apache/maven/plugins/maven-resources-plugin/3.2.0/maven-resources-plugin-3.2.0.pom
#33 1064.5 [INFO] Downloaded from central: https://repo.maven.apache.org/maven2/org/apache/maven/plugins/maven-resources-plugin/3.2.0/maven-resources-plugin-3.2.0.pom (8.1 kB at 6.1 kB/s)
#33 1064.5 [INFO] Downloading from central: https://repo.maven.apache.org/maven2/org/apache/maven/plugins/maven-resources-plugin/3.2.0/maven-resources-plugin-3.2.0.jar
#33 1066.4 [INFO] Downloaded from central: https://repo.maven.apache.org/maven2/org/apache/maven/plugins/maven-resources-plugin/3.2.0/maven-resources-plugin-3.2.0.jar (33 kB at 18 kB/s)
#33 1066.4 [INFO] Downloading from central: https://repo.maven.apache.org/maven2/org/apache/maven/plugins/maven-source-plugin/3.2.1/maven-source-plugin-3.2.1.pom
#33 1066.9 [INFO] Downloaded from central: https://repo.maven.apache.org/maven2/org/apache/maven/plugins/maven-source-plugin/3.2.1/maven-source-plugin-3.2.1.pom (6.9 kB at 14 kB/s)
#33 1066.9 [INFO] Downloading from central: https://repo.maven.apache.org/maven2/org/apache/maven/plugins/maven-source-plugin/3.2.1/maven-source-plugin-3.2.1.jar
#33 1071.4 [INFO] Downloaded from central: https://repo.maven.apache.org/maven2/org/apache/maven/plugins/maven-source-plugin/3.2.1/maven-source-plugin-3.2.1.jar (32 kB at 7.1 kB/s)
#33 1071.5 [INFO] Downloading from central: https://repo.maven.apache.org/maven2/org/codehaus/mojo/versions-maven-plugin/2.8.1/versions-maven-plugin-2.8.1.pom
#33 1073.5 [INFO] Downloaded from central: https://repo.maven.apache.org/maven2/org/codehaus/mojo/versions-maven-plugin/2.8.1/versions-maven-plugin-2.8.1.pom (16 kB at 7.9 kB/s)
#33 1073.6 [INFO] Downloading from central: https://repo.maven.apache.org/maven2/org/codehaus/mojo/mojo-parent/50/mojo-parent-50.pom
#33 1075.5 [INFO] Downloaded from central: https://repo.maven.apache.org/maven2/org/codehaus/mojo/mojo-parent/50/mojo-parent-50.pom (34 kB at 18 kB/s)
#33 1075.5 [INFO] Downloading from central: https://repo.maven.apache.org/maven2/org/codehaus/mojo/versions-maven-plugin/2.8.1/versions-maven-plugin-2.8.1.jar
#33 1097.1 [INFO] Downloaded from central: https://repo.maven.apache.org/maven2/org/codehaus/mojo/versions-maven-plugin/2.8.1/versions-maven-plugin-2.8.1.jar (309 kB at 14 kB/s)
#33 1097.3 [INFO] Downloading from central: https://repo.maven.apache.org/maven2/io/github/git-commit-id/git-commit-id-maven-plugin/4.9.9/git-commit-id-maven-plugin-4.9.9.pom
#33 1098.1 [INFO] Downloaded from central: https://repo.maven.apache.org/maven2/io/github/git-commit-id/git-commit-id-maven-plugin/4.9.9/git-commit-id-maven-plugin-4.9.9.pom (11 kB at 15 kB/s)
#33 1098.1 [INFO] Downloading from central: https://repo.maven.apache.org/maven2/pl/project13/maven/git-commit-id-plugin-parent/4.0.5/git-commit-id-plugin-parent-4.0.5.pom
#33 1099.0 [INFO] Downloaded from central: https://repo.maven.apache.org/maven2/pl/project13/maven/git-commit-id-plugin-parent/4.0.5/git-commit-id-plugin-parent-4.0.5.pom (12 kB at 14 kB/s)
#33 1099.0 [INFO] Downloading from central: https://repo.maven.apache.org/maven2/io/github/git-commit-id/git-commit-id-maven-plugin/4.9.9/git-commit-id-maven-plugin-4.9.9.jar
#33 1102.4 [INFO] Downloaded from central: https://repo.maven.apache.org/maven2/io/github/git-commit-id/git-commit-id-maven-plugin/4.9.9/git-commit-id-maven-plugin-4.9.9.jar (40 kB at 12 kB/s)
#33 1102.4 [INFO] Downloading from central: https://repo.maven.apache.org/maven2/org/apache/maven/plugins/maven-checkstyle-plugin/3.2.0/maven-checkstyle-plugin-3.2.0.pom
#33 1104.0 [INFO] Downloaded from central: https://repo.maven.apache.org/maven2/org/apache/maven/plugins/maven-checkstyle-plugin/3.2.0/maven-checkstyle-plugin-3.2.0.pom (16 kB at 9.6 kB/s)
#33 1104.0 [INFO] Downloading from central: https://repo.maven.apache.org/maven2/org/apache/maven/plugins/maven-plugins/37/maven-plugins-37.pom
#33 1105.6 [INFO] Downloaded from central: https://repo.maven.apache.org/maven2/org/apache/maven/plugins/maven-plugins/37/maven-plugins-37.pom (9.9 kB at 6.4 kB/s)
#33 1105.6 [INFO] Downloading from central: https://repo.maven.apache.org/maven2/org/apache/maven/plugins/maven-checkstyle-plugin/3.2.0/maven-checkstyle-plugin-3.2.0.jar
#33 1111.8 [INFO] Downloaded from central: https://repo.maven.apache.org/maven2/org/apache/maven/plugins/maven-checkstyle-plugin/3.2.0/maven-checkstyle-plugin-3.2.0.jar (110 kB at 18 kB/s)
#33 1111.8 [INFO] Downloading from central: https://repo.maven.apache.org/maven2/org/owasp/dependency-check-maven/9.0.9/dependency-check-maven-9.0.9.pom
#33 1112.9 [INFO] Downloaded from central: https://repo.maven.apache.org/maven2/org/owasp/dependency-check-maven/9.0.9/dependency-check-maven-9.0.9.pom (8.7 kB at 7.7 kB/s)
#33 1112.9 [INFO] Downloading from central: https://repo.maven.apache.org/maven2/org/owasp/dependency-check-parent/9.0.9/dependency-check-parent-9.0.9.pom
#33 1115.9 [INFO] Downloaded from central: https://repo.maven.apache.org/maven2/org/owasp/dependency-check-parent/9.0.9/dependency-check-parent-9.0.9.pom (64 kB at 21 kB/s)
#33 1116.0 [INFO] Downloading from central: https://repo.maven.apache.org/maven2/com/fasterxml/jackson/jackson-bom/2.16.0/jackson-bom-2.16.0.pom
#33 1117.4 [INFO] Downloaded from central: https://repo.maven.apache.org/maven2/com/fasterxml/jackson/jackson-bom/2.16.0/jackson-bom-2.16.0.pom (18 kB at 13 kB/s)
#33 1117.4 [INFO] Downloading from central: https://repo.maven.apache.org/maven2/com/fasterxml/jackson/jackson-parent/2.16/jackson-parent-2.16.pom
#33 1118.2 [INFO] Downloaded from central: https://repo.maven.apache.org/maven2/com/fasterxml/jackson/jackson-parent/2.16/jackson-parent-2.16.pom (6.5 kB at 8.1 kB/s)
#33 1118.2 [INFO] Downloading from central: https://repo.maven.apache.org/maven2/com/fasterxml/oss-parent/56/oss-parent-56.pom
#33 1120.6 [INFO] Downloaded from central: https://repo.maven.apache.org/maven2/com/fasterxml/oss-parent/56/oss-parent-56.pom (24 kB at 9.9 kB/s)
#33 1120.6 [INFO] Downloading from central: https://repo.maven.apache.org/maven2/org/owasp/dependency-check-maven/9.0.9/dependency-check-maven-9.0.9.jar
#33 1128.8 [INFO] Downloaded from central: https://repo.maven.apache.org/maven2/org/owasp/dependency-check-maven/9.0.9/dependency-check-maven-9.0.9.jar (115 kB at 14 kB/s)
#33 1128.8 [INFO] 
#33 1128.8 [INFO] --- dependency:3.7.0:resolve (default-cli) @ widdo ---
#33 1128.9 [INFO] 
#33 1128.9 [INFO] The following files have been resolved:
#33 1128.9 [INFO]    none
#33 1128.9 [INFO] 
#33 1128.9 [INFO] 
#33 1128.9 [INFO] ----------------------< cn.widdo:widdo-packages >-----------------------
#33 1128.9 [INFO] Building widdo-packages 353.0.0.0                                 [3/21]
#33 1128.9 [INFO]   from widdo-packages/pom.xml
#33 1128.9 [INFO] --------------------------------[ pom ]---------------------------------
#33 1128.9 [INFO] 
#33 1128.9 [INFO] --- dependency:3.7.0:resolve (default-cli) @ widdo-packages ---
#33 1128.9 [INFO] 
#33 1128.9 [INFO] The following files have been resolved:
#33 1128.9 [INFO]    none
#33 1128.9 [INFO] 
#33 1128.9 [INFO] 
#33 1128.9 [INFO] ----------------------< cn.widdo:widdo-assistant >----------------------
#33 1128.9 [INFO] Building widdo-assistant 353.0.0.0                                [4/21]
#33 1128.9 [INFO]   from widdo-packages/widdo-assistant/pom.xml
#33 1128.9 [INFO] --------------------------------[ jar ]---------------------------------
#33 1128.9 [INFO] Downloading from central: https://repo.maven.apache.org/maven2/org/apache/maven/plugins/maven-jar-plugin/3.4.1/maven-jar-plugin-3.4.1.pom
#33 1129.6 [INFO] Downloaded from central: https://repo.maven.apache.org/maven2/org/apache/maven/plugins/maven-jar-plugin/3.4.1/maven-jar-plugin-3.4.1.pom (7.8 kB at 12 kB/s)
#33 1129.6 [INFO] Downloading from central: https://repo.maven.apache.org/maven2/org/apache/maven/plugins/maven-jar-plugin/3.4.1/maven-jar-plugin-3.4.1.jar
#33 1132.0 [INFO] Downloaded from central: https://repo.maven.apache.org/maven2/org/apache/maven/plugins/maven-jar-plugin/3.4.1/maven-jar-plugin-3.4.1.jar (34 kB at 14 kB/s)
#33 1132.0 [INFO] Downloading from central: https://repo.maven.apache.org/maven2/org/apache/maven/plugins/maven-surefire-plugin/2.22.2/maven-surefire-plugin-2.22.2.pom
#33 1132.6 [INFO] Downloaded from central: https://repo.maven.apache.org/maven2/org/apache/maven/plugins/maven-surefire-plugin/2.22.2/maven-surefire-plugin-2.22.2.pom (5.0 kB at 8.4 kB/s)
#33 1132.6 [INFO] Downloading from central: https://repo.maven.apache.org/maven2/org/apache/maven/surefire/surefire/2.22.2/surefire-2.22.2.pom
#33 1135.0 [INFO] Downloaded from central: https://repo.maven.apache.org/maven2/org/apache/maven/surefire/surefire/2.22.2/surefire-2.22.2.pom (26 kB at 11 kB/s)
#33 1135.0 [INFO] Downloading from central: https://repo.maven.apache.org/maven2/org/apache/maven/plugins/maven-surefire-plugin/2.22.2/maven-surefire-plugin-2.22.2.jar
#33 1139.8 [INFO] Downloaded from central: https://repo.maven.apache.org/maven2/org/apache/maven/plugins/maven-surefire-plugin/2.22.2/maven-surefire-plugin-2.22.2.jar (41 kB at 8.5 kB/s)
#33 1139.9 [INFO] Downloading from central: https://repo.maven.apache.org/maven2/org/springframework/boot/spring-boot-starter-validation/3.5.3/spring-boot-starter-validation-3.5.3.pom
#33 1140.1 [INFO] Downloaded from central: https://repo.maven.apache.org/maven2/org/springframework/boot/spring-boot-starter-validation/3.5.3/spring-boot-starter-validation-3.5.3.pom (2.5 kB at 9.4 kB/s)
#33 1140.1 [INFO] Downloading from central: https://repo.maven.apache.org/maven2/org/springframework/boot/spring-boot-starter/3.5.3/spring-boot-starter-3.5.3.pom
#33 1140.9 [INFO] Downloaded from central: https://repo.maven.apache.org/maven2/org/springframework/boot/spring-boot-starter/3.5.3/spring-boot-starter-3.5.3.pom (3.0 kB at 3.8 kB/s)
#33 1140.9 [INFO] Downloading from central: https://repo.maven.apache.org/maven2/org/springframework/boot/spring-boot/3.5.3/spring-boot-3.5.3.pom
#33 1141.5 [INFO] Downloaded from central: https://repo.maven.apache.org/maven2/org/springframework/boot/spring-boot/3.5.3/spring-boot-3.5.3.pom (2.2 kB at 4.1 kB/s)
#33 1141.5 [INFO] Downloading from central: https://repo.maven.apache.org/maven2/org/springframework/spring-core/6.2.8/spring-core-6.2.8.pom
#33 1142.0 [INFO] Downloaded from central: https://repo.maven.apache.org/maven2/org/springframework/spring-core/6.2.8/spring-core-6.2.8.pom (2.0 kB at 3.7 kB/s)
#33 1142.0 [INFO] Downloading from central: https://repo.maven.apache.org/maven2/org/springframework/spring-jcl/6.2.8/spring-jcl-6.2.8.pom
#33 1142.4 [INFO] Downloaded from central: https://repo.maven.apache.org/maven2/org/springframework/spring-jcl/6.2.8/spring-jcl-6.2.8.pom (1.8 kB at 5.6 kB/s)
#33 1142.4 [INFO] Downloading from central: https://repo.maven.apache.org/maven2/org/springframework/spring-context/6.2.8/spring-context-6.2.8.pom
#33 1142.8 [INFO] Downloaded from central: https://repo.maven.apache.org/maven2/org/springframework/spring-context/6.2.8/spring-context-6.2.8.pom (2.8 kB at 7.0 kB/s)
#33 1142.8 [INFO] Downloading from central: https://repo.maven.apache.org/maven2/org/springframework/spring-aop/6.2.8/spring-aop-6.2.8.pom
#33 1143.0 [INFO] Downloaded from central: https://repo.maven.apache.org/maven2/org/springframework/spring-aop/6.2.8/spring-aop-6.2.8.pom (2.2 kB at 8.7 kB/s)
#33 1143.0 [INFO] Downloading from central: https://repo.maven.apache.org/maven2/org/springframework/spring-beans/6.2.8/spring-beans-6.2.8.pom
#33 1143.6 [INFO] Downloaded from central: https://repo.maven.apache.org/maven2/org/springframework/spring-beans/6.2.8/spring-beans-6.2.8.pom (2.0 kB at 3.4 kB/s)
#33 1143.7 [INFO] Downloading from central: https://repo.maven.apache.org/maven2/org/springframework/spring-expression/6.2.8/spring-expression-6.2.8.pom
#33 1144.2 [INFO] Downloaded from central: https://repo.maven.apache.org/maven2/org/springframework/spring-expression/6.2.8/spring-expression-6.2.8.pom (2.1 kB at 3.9 kB/s)
#33 1144.2 [INFO] Downloading from central: https://repo.maven.apache.org/maven2/io/micrometer/micrometer-observation/1.15.1/micrometer-observation-1.15.1.pom
#33 1145.1 [INFO] Downloaded from central: https://repo.maven.apache.org/maven2/io/micrometer/micrometer-observation/1.15.1/micrometer-observation-1.15.1.pom (3.8 kB at 4.2 kB/s)
#33 1145.1 [INFO] Downloading from central: https://repo.maven.apache.org/maven2/io/micrometer/micrometer-commons/1.15.1/micrometer-commons-1.15.1.pom
#33 1146.1 [INFO] Downloaded from central: https://repo.maven.apache.org/maven2/io/micrometer/micrometer-commons/1.15.1/micrometer-commons-1.15.1.pom (3.4 kB at 3.3 kB/s)
#33 1146.2 [INFO] Downloading from central: https://repo.maven.apache.org/maven2/org/springframework/boot/spring-boot-autoconfigure/3.5.3/spring-boot-autoconfigure-3.5.3.pom
#33 1146.5 [INFO] Downloaded from central: https://repo.maven.apache.org/maven2/org/springframework/boot/spring-boot-autoconfigure/3.5.3/spring-boot-autoconfigure-3.5.3.pom (2.1 kB at 5.7 kB/s)
#33 1146.5 [INFO] Downloading from central: https://repo.maven.apache.org/maven2/org/springframework/boot/spring-boot-starter-logging/3.5.3/spring-boot-starter-logging-3.5.3.pom
#33 1147.1 [INFO] Downloaded from central: https://repo.maven.apache.org/maven2/org/springframework/boot/spring-boot-starter-logging/3.5.3/spring-boot-starter-logging-3.5.3.pom (2.5 kB at 4.6 kB/s)
#33 1147.1 [INFO] Downloading from central: https://repo.maven.apache.org/maven2/ch/qos/logback/logback-classic/1.5.18/logback-classic-1.5.18.pom
#33 1148.8 [INFO] Downloaded from central: https://repo.maven.apache.org/maven2/ch/qos/logback/logback-classic/1.5.18/logback-classic-1.5.18.pom (13 kB at 7.3 kB/s)
#33 1148.8 [INFO] Downloading from central: https://repo.maven.apache.org/maven2/ch/qos/logback/logback-parent/1.5.18/logback-parent-1.5.18.pom
#33 1150.5 [INFO] Downloaded from central: https://repo.maven.apache.org/maven2/ch/qos/logback/logback-parent/1.5.18/logback-parent-1.5.18.pom (19 kB at 11 kB/s)
#33 1150.5 [INFO] Downloading from central: https://repo.maven.apache.org/maven2/ch/qos/logback/logback-core/1.5.18/logback-core-1.5.18.pom
#33 1151.2 [INFO] Downloaded from central: https://repo.maven.apache.org/maven2/ch/qos/logback/logback-core/1.5.18/logback-core-1.5.18.pom (9.1 kB at 14 kB/s)
#33 1151.2 [INFO] Downloading from central: https://repo.maven.apache.org/maven2/org/slf4j/slf4j-api/2.0.17/slf4j-api-2.0.17.pom
#33 1151.5 [INFO] Downloaded from central: https://repo.maven.apache.org/maven2/org/slf4j/slf4j-api/2.0.17/slf4j-api-2.0.17.pom (2.8 kB at 10 kB/s)
#33 1151.5 [INFO] Downloading from central: https://repo.maven.apache.org/maven2/org/slf4j/slf4j-parent/2.0.17/slf4j-parent-2.0.17.pom
#33 1152.2 [INFO] Downloaded from central: https://repo.maven.apache.org/maven2/org/slf4j/slf4j-parent/2.0.17/slf4j-parent-2.0.17.pom (13 kB at 18 kB/s)
#33 1152.2 [INFO] Downloading from central: https://repo.maven.apache.org/maven2/org/slf4j/slf4j-bom/2.0.17/slf4j-bom-2.0.17.pom
#33 1152.8 [INFO] Downloaded from central: https://repo.maven.apache.org/maven2/org/slf4j/slf4j-bom/2.0.17/slf4j-bom-2.0.17.pom (7.3 kB at 13 kB/s)
#33 1152.8 [INFO] Downloading from central: https://repo.maven.apache.org/maven2/org/apache/logging/log4j/log4j-to-slf4j/2.24.3/log4j-to-slf4j-2.24.3.pom
#33 1153.6 [INFO] Downloaded from central: https://repo.maven.apache.org/maven2/org/apache/logging/log4j/log4j-to-slf4j/2.24.3/log4j-to-slf4j-2.24.3.pom (5.0 kB at 6.3 kB/s)
#33 1153.6 [INFO] Downloading from central: https://repo.maven.apache.org/maven2/org/apache/logging/log4j/log4j/2.24.3/log4j-2.24.3.pom
#33 1156.7 [INFO] Downloaded from central: https://repo.maven.apache.org/maven2/org/apache/logging/log4j/log4j/2.24.3/log4j-2.24.3.pom (35 kB at 11 kB/s)
#33 1156.7 [INFO] Downloading from central: https://repo.maven.apache.org/maven2/org/apache/groovy/groovy-bom/4.0.22/groovy-bom-4.0.22.pom
#33 1159.2 [INFO] Downloaded from central: https://repo.maven.apache.org/maven2/org/apache/groovy/groovy-bom/4.0.22/groovy-bom-4.0.22.pom (27 kB at 11 kB/s)
#33 1159.2 [INFO] Downloading from central: https://repo.maven.apache.org/maven2/com/fasterxml/jackson/jackson-bom/2.17.2/jackson-bom-2.17.2.pom
#33 1160.7 [INFO] Downloaded from central: https://repo.maven.apache.org/maven2/com/fasterxml/jackson/jackson-bom/2.17.2/jackson-bom-2.17.2.pom (19 kB at 12 kB/s)
#33 1160.7 [INFO] Downloading from central: https://repo.maven.apache.org/maven2/com/fasterxml/jackson/jackson-parent/2.17/jackson-parent-2.17.pom
#33 1161.7 [INFO] Downloaded from central: https://repo.maven.apache.org/maven2/com/fasterxml/jackson/jackson-parent/2.17/jackson-parent-2.17.pom (6.5 kB at 6.3 kB/s)
#33 1161.7 [INFO] Downloading from central: https://repo.maven.apache.org/maven2/com/fasterxml/oss-parent/58/oss-parent-58.pom
#33 1163.9 [INFO] Downloaded from central: https://repo.maven.apache.org/maven2/com/fasterxml/oss-parent/58/oss-parent-58.pom (24 kB at 11 kB/s)
#33 1164.0 [INFO] Downloading from central: https://repo.maven.apache.org/maven2/jakarta/platform/jakarta.jakartaee-bom/9.1.0/jakarta.jakartaee-bom-9.1.0.pom
#33 1164.8 [INFO] Downloaded from central: https://repo.maven.apache.org/maven2/jakarta/platform/jakarta.jakartaee-bom/9.1.0/jakarta.jakartaee-bom-9.1.0.pom (9.6 kB at 12 kB/s)
#33 1164.8 [INFO] Downloading from central: https://repo.maven.apache.org/maven2/jakarta/platform/jakartaee-api-parent/9.1.0/jakartaee-api-parent-9.1.0.pom
#33 1166.4 [INFO] Downloaded from central: https://repo.maven.apache.org/maven2/jakarta/platform/jakartaee-api-parent/9.1.0/jakartaee-api-parent-9.1.0.pom (15 kB at 9.2 kB/s)
#33 1166.4 [INFO] Downloading from central: https://repo.maven.apache.org/maven2/org/eclipse/ee4j/project/1.0.7/project-1.0.7.pom
#33 1167.8 [INFO] Downloaded from central: https://repo.maven.apache.org/maven2/org/eclipse/ee4j/project/1.0.7/project-1.0.7.pom (14 kB at 9.8 kB/s)
#33 1167.9 [INFO] Downloading from central: https://repo.maven.apache.org/maven2/org/junit/junit-bom/5.10.3/junit-bom-5.10.3.pom
#33 1169.0 [INFO] Downloaded from central: https://repo.maven.apache.org/maven2/org/junit/junit-bom/5.10.3/junit-bom-5.10.3.pom (5.6 kB at 5.0 kB/s)
#33 1169.0 [INFO] Downloading from central: https://repo.maven.apache.org/maven2/org/mockito/mockito-bom/4.11.0/mockito-bom-4.11.0.pom
#33 1170.4 [INFO] Downloaded from central: https://repo.maven.apache.org/maven2/org/mockito/mockito-bom/4.11.0/mockito-bom-4.11.0.pom (3.2 kB at 2.2 kB/s)
#33 1170.5 [INFO] Downloading from central: https://repo.maven.apache.org/maven2/org/springframework/spring-framework-bom/5.3.39/spring-framework-bom-5.3.39.pom
#33 1172.0 [INFO] Downloaded from central: https://repo.maven.apache.org/maven2/org/springframework/spring-framework-bom/5.3.39/spring-framework-bom-5.3.39.pom (5.7 kB at 3.9 kB/s)
#33 1172.1 [INFO] Downloading from central: https://repo.maven.apache.org/maven2/org/apache/logging/log4j/log4j-api/2.24.3/log4j-api-2.24.3.pom
#33 1172.9 [INFO] Downloaded from central: https://repo.maven.apache.org/maven2/org/apache/logging/log4j/log4j-api/2.24.3/log4j-api-2.24.3.pom (4.4 kB at 5.3 kB/s)
#33 1173.0 [INFO] Downloading from central: https://repo.maven.apache.org/maven2/org/slf4j/jul-to-slf4j/2.0.17/jul-to-slf4j-2.0.17.pom
#33 1173.4 [INFO] Downloaded from central: https://repo.maven.apache.org/maven2/org/slf4j/jul-to-slf4j/2.0.17/jul-to-slf4j-2.0.17.pom (1.1 kB at 3.3 kB/s)
#33 1173.4 [INFO] Downloading from central: https://repo.maven.apache.org/maven2/jakarta/annotation/jakarta.annotation-api/2.1.1/jakarta.annotation-api-2.1.1.pom
#33 1176.3 [INFO] Downloaded from central: https://repo.maven.apache.org/maven2/jakarta/annotation/jakarta.annotation-api/2.1.1/jakarta.annotation-api-2.1.1.pom (16 kB at 5.3 kB/s)
#33 1176.3 [INFO] Downloading from central: https://repo.maven.apache.org/maven2/org/apache/tomcat/embed/tomcat-embed-el/10.1.42/tomcat-embed-el-10.1.42.pom
#33 1176.9 [INFO] Downloaded from central: https://repo.maven.apache.org/maven2/org/apache/tomcat/embed/tomcat-embed-el/10.1.42/tomcat-embed-el-10.1.42.pom (1.5 kB at 2.8 kB/s)
#33 1176.9 [INFO] Downloading from central: https://repo.maven.apache.org/maven2/org/hibernate/validator/hibernate-validator/8.0.2.Final/hibernate-validator-8.0.2.Final.pom
#33 1178.6 [INFO] Downloaded from central: https://repo.maven.apache.org/maven2/org/hibernate/validator/hibernate-validator/8.0.2.Final/hibernate-validator-8.0.2.Final.pom (15 kB at 8.6 kB/s)
#33 1178.6 [INFO] Downloading from central: https://repo.maven.apache.org/maven2/org/hibernate/validator/hibernate-validator-parent/8.0.2.Final/hibernate-validator-parent-8.0.2.Final.pom
#33 1185.9 [INFO] Downloaded from central: https://repo.maven.apache.org/maven2/org/hibernate/validator/hibernate-validator-parent/8.0.2.Final/hibernate-validator-parent-8.0.2.Final.pom (82 kB at 11 kB/s)
#33 1186.1 [INFO] Downloading from central: https://repo.maven.apache.org/maven2/org/jboss/arquillian/arquillian-bom/1.7.0.Alpha10/arquillian-bom-1.7.0.Alpha10.pom
#33 1187.2 [INFO] Downloaded from central: https://repo.maven.apache.org/maven2/org/jboss/arquillian/arquillian-bom/1.7.0.Alpha10/arquillian-bom-1.7.0.Alpha10.pom (10 kB at 9.4 kB/s)
#33 1187.2 [INFO] Downloading from central: https://repo.maven.apache.org/maven2/org/jboss/shrinkwrap/shrinkwrap-bom/1.2.6/shrinkwrap-bom-1.2.6.pom
#33 1187.8 [INFO] Downloaded from central: https://repo.maven.apache.org/maven2/org/jboss/shrinkwrap/shrinkwrap-bom/1.2.6/shrinkwrap-bom-1.2.6.pom (4.0 kB at 6.7 kB/s)
#33 1187.8 [INFO] Downloading from central: https://repo.maven.apache.org/maven2/org/jboss/shrinkwrap/resolver/shrinkwrap-resolver-bom/3.1.4/shrinkwrap-resolver-bom-3.1.4.pom
#33 1188.9 [INFO] Downloaded from central: https://repo.maven.apache.org/maven2/org/jboss/shrinkwrap/resolver/shrinkwrap-resolver-bom/3.1.4/shrinkwrap-resolver-bom-3.1.4.pom (7.0 kB at 6.6 kB/s)
#33 1188.9 [INFO] Downloading from central: https://repo.maven.apache.org/maven2/org/apache/maven/maven/3.6.3/maven-3.6.3.pom
#33 1191.3 [INFO] Downloaded from central: https://repo.maven.apache.org/maven2/org/apache/maven/maven/3.6.3/maven-3.6.3.pom (26 kB at 11 kB/s)
#33 1191.3 [INFO] Downloading from central: https://repo.maven.apache.org/maven2/org/jboss/shrinkwrap/descriptors/shrinkwrap-descriptors-bom/2.0.0/shrinkwrap-descriptors-bom-2.0.0.pom
#33 1191.8 [INFO] Downloaded from central: https://repo.maven.apache.org/maven2/org/jboss/shrinkwrap/descriptors/shrinkwrap-descriptors-bom/2.0.0/shrinkwrap-descriptors-bom-2.0.0.pom (5.2 kB at 10 kB/s)
#33 1191.9 [INFO] Downloading from central: https://repo.maven.apache.org/maven2/jakarta/validation/jakarta.validation-api/3.0.2/jakarta.validation-api-3.0.2.pom
#33 1193.9 [INFO] Downloaded from central: https://repo.maven.apache.org/maven2/jakarta/validation/jakarta.validation-api/3.0.2/jakarta.validation-api-3.0.2.pom (11 kB at 5.3 kB/s)
#33 1193.9 [INFO] Downloading from central: https://repo.maven.apache.org/maven2/org/eclipse/ee4j/project/1.0.6/project-1.0.6.pom
#33 1195.6 [INFO] Downloaded from central: https://repo.maven.apache.org/maven2/org/eclipse/ee4j/project/1.0.6/project-1.0.6.pom (13 kB at 8.2 kB/s)
#33 1195.6 [INFO] Downloading from central: https://repo.maven.apache.org/maven2/org/jboss/logging/jboss-logging/3.6.1.Final/jboss-logging-3.6.1.Final.pom
#33 1197.3 [INFO] Downloaded from central: https://repo.maven.apache.org/maven2/org/jboss/logging/jboss-logging/3.6.1.Final/jboss-logging-3.6.1.Final.pom (18 kB at 10 kB/s)
#33 1197.4 [INFO] Downloading from central: https://repo.maven.apache.org/maven2/org/jboss/logging/logging-parent/1.0.3.Final/logging-parent-1.0.3.Final.pom
#33 1198.7 [INFO] Downloaded from central: https://repo.maven.apache.org/maven2/org/jboss/logging/logging-parent/1.0.3.Final/logging-parent-1.0.3.Final.pom (5.7 kB at 4.3 kB/s)
#33 1198.7 [INFO] Downloading from central: https://repo.maven.apache.org/maven2/org/jboss/jboss-parent/42/jboss-parent-42.pom
#33 1205.0 [INFO] Downloaded from central: https://repo.maven.apache.org/maven2/org/jboss/jboss-parent/42/jboss-parent-42.pom (76 kB at 12 kB/s)
#33 1205.1 [INFO] Downloading from central: https://repo.maven.apache.org/maven2/org/junit/junit-bom/5.11.0/junit-bom-5.11.0.pom
#33 1205.6 [INFO] Downloaded from central: https://repo.maven.apache.org/maven2/org/junit/junit-bom/5.11.0/junit-bom-5.11.0.pom (5.6 kB at 11 kB/s)
#33 1205.6 [INFO] Downloading from central: https://repo.maven.apache.org/maven2/com/fasterxml/classmate/1.7.0/classmate-1.7.0.pom
#33 1206.1 [INFO] Downloaded from central: https://repo.maven.apache.org/maven2/com/fasterxml/classmate/1.7.0/classmate-1.7.0.pom (7.0 kB at 14 kB/s)
#33 1206.1 [INFO] Downloading from central: https://repo.maven.apache.org/maven2/org/projectlombok/lombok/1.18.36/lombok-1.18.36.pom
#33 1206.3 [INFO] Downloaded from central: https://repo.maven.apache.org/maven2/org/projectlombok/lombok/1.18.36/lombok-1.18.36.pom (1.5 kB at 5.8 kB/s)
#33 1206.4 [INFO] Downloading from central: https://repo.maven.apache.org/maven2/com/alibaba/fastjson/1.2.83/fastjson-1.2.83.pom
#33 1207.1 [INFO] Downloaded from central: https://repo.maven.apache.org/maven2/com/alibaba/fastjson/1.2.83/fastjson-1.2.83.pom (11 kB at 14 kB/s)
#33 1207.1 [INFO] Downloading from central: https://repo.maven.apache.org/maven2/org/apache/commons/commons-lang3/3.17.0/commons-lang3-3.17.0.pom
#33 1210.4 [INFO] Downloaded from central: https://repo.maven.apache.org/maven2/org/apache/commons/commons-lang3/3.17.0/commons-lang3-3.17.0.pom (31 kB at 9.5 kB/s)
#33 1210.4 [INFO] Downloading from central: https://repo.maven.apache.org/maven2/org/apache/commons/commons-parent/73/commons-parent-73.pom
#33 1216.9 [INFO] Downloaded from central: https://repo.maven.apache.org/maven2/org/apache/commons/commons-parent/73/commons-parent-73.pom (78 kB at 12 kB/s)
#33 1216.9 [INFO] Downloading from central: https://repo.maven.apache.org/maven2/cn/hutool/hutool-all/5.8.12/hutool-all-5.8.12.pom
#33 1217.5 [INFO] Downloaded from central: https://repo.maven.apache.org/maven2/cn/hutool/hutool-all/5.8.12/hutool-all-5.8.12.pom (2.3 kB at 3.8 kB/s)
#33 1217.5 [INFO] Downloading from central: https://repo.maven.apache.org/maven2/cn/hutool/hutool-parent/5.8.12/hutool-parent-5.8.12.pom
#33 1218.2 [INFO] Downloaded from central: https://repo.maven.apache.org/maven2/cn/hutool/hutool-parent/5.8.12/hutool-parent-5.8.12.pom (5.4 kB at 8.3 kB/s)
#33 1218.2 [INFO] Downloading from central: https://repo.maven.apache.org/maven2/com/alibaba/cloud/spring-cloud-starter-alibaba-nacos-config/2022.0.0.0/spring-cloud-starter-alibaba-nacos-config-2022.0.0.0.pom
#33 1218.8 [INFO] Downloaded from central: https://repo.maven.apache.org/maven2/com/alibaba/cloud/spring-cloud-starter-alibaba-nacos-config/2022.0.0.0/spring-cloud-starter-alibaba-nacos-config-2022.0.0.0.pom (4.6 kB at 8.4 kB/s)
#33 1218.8 [INFO] Downloading from central: https://repo.maven.apache.org/maven2/com/alibaba/cloud/spring-cloud-alibaba-starters/2022.0.0.0/spring-cloud-alibaba-starters-2022.0.0.0.pom
#33 1219.1 [INFO] Downloaded from central: https://repo.maven.apache.org/maven2/com/alibaba/cloud/spring-cloud-alibaba-starters/2022.0.0.0/spring-cloud-alibaba-starters-2022.0.0.0.pom (2.6 kB at 7.2 kB/s)
#33 1219.1 [INFO] Downloading from central: https://repo.maven.apache.org/maven2/com/alibaba/cloud/spring-cloud-alibaba/2022.0.0.0/spring-cloud-alibaba-2022.0.0.0.pom
#33 1220.1 [INFO] Downloaded from central: https://repo.maven.apache.org/maven2/com/alibaba/cloud/spring-cloud-alibaba/2022.0.0.0/spring-cloud-alibaba-2022.0.0.0.pom (2.4 kB at 2.5 kB/s)
#33 1220.1 [INFO] Downloading from central: https://repo.maven.apache.org/maven2/org/springframework/cloud/spring-cloud-build/4.0.0/spring-cloud-build-4.0.0.pom
#33 1224.0 [INFO] Downloaded from central: https://repo.maven.apache.org/maven2/org/springframework/cloud/spring-cloud-build/4.0.0/spring-cloud-build-4.0.0.pom (58 kB at 15 kB/s)
#33 1224.0 [INFO] Downloading from central: https://repo.maven.apache.org/maven2/org/springframework/cloud/spring-cloud-build-dependencies/4.0.0/spring-cloud-build-dependencies-4.0.0.pom
#33 1224.5 [INFO] Downloaded from central: https://repo.maven.apache.org/maven2/org/springframework/cloud/spring-cloud-build-dependencies/4.0.0/spring-cloud-build-dependencies-4.0.0.pom (3.2 kB at 5.9 kB/s)
#33 1224.5 [INFO] Downloading from central: https://repo.maven.apache.org/maven2/org/springframework/boot/spring-boot-dependencies/3.0.0/spring-boot-dependencies-3.0.0.pom
#33 1232.3 [INFO] Downloaded from central: https://repo.maven.apache.org/maven2/org/springframework/boot/spring-boot-dependencies/3.0.0/spring-boot-dependencies-3.0.0.pom (94 kB at 12 kB/s)
#33 1232.3 [INFO] Downloading from central: https://repo.maven.apache.org/maven2/io/zipkin/brave/brave-bom/5.14.1/brave-bom-5.14.1.pom
#33 1233.2 [INFO] Downloaded from central: https://repo.maven.apache.org/maven2/io/zipkin/brave/brave-bom/5.14.1/brave-bom-5.14.1.pom (12 kB at 13 kB/s)
#33 1233.2 [INFO] Downloading from central: https://repo.maven.apache.org/maven2/io/zipkin/reporter2/zipkin-reporter-bom/2.16.3/zipkin-reporter-bom-2.16.3.pom
#33 1233.7 [INFO] Downloaded from central: https://repo.maven.apache.org/maven2/io/zipkin/reporter2/zipkin-reporter-bom/2.16.3/zipkin-reporter-bom-2.16.3.pom (6.9 kB at 14 kB/s)
#33 1233.7 [INFO] Downloading from central: https://repo.maven.apache.org/maven2/com/datastax/oss/java-driver-bom/4.15.0/java-driver-bom-4.15.0.pom
#33 1234.7 [INFO] Downloaded from central: https://repo.maven.apache.org/maven2/com/datastax/oss/java-driver-bom/4.15.0/java-driver-bom-4.15.0.pom (4.1 kB at 4.3 kB/s)
#33 1234.7 [INFO] Downloading from central: https://repo.maven.apache.org/maven2/io/dropwizard/metrics/metrics-bom/4.2.13/metrics-bom-4.2.13.pom
#33 1235.2 [INFO] Downloaded from central: https://repo.maven.apache.org/maven2/io/dropwizard/metrics/metrics-bom/4.2.13/metrics-bom-4.2.13.pom (6.9 kB at 13 kB/s)
#33 1235.2 [INFO] Downloading from central: https://repo.maven.apache.org/maven2/io/dropwizard/metrics/metrics-parent/4.2.13/metrics-parent-4.2.13.pom
#33 1236.5 [INFO] Downloaded from central: https://repo.maven.apache.org/maven2/io/dropwizard/metrics/metrics-parent/4.2.13/metrics-parent-4.2.13.pom (20 kB at 16 kB/s)
#33 1236.5 [INFO] Downloading from central: https://repo.maven.apache.org/maven2/org/glassfish/jaxb/jaxb-bom/4.0.1/jaxb-bom-4.0.1.pom
#33 1237.6 [INFO] Downloaded from central: https://repo.maven.apache.org/maven2/org/glassfish/jaxb/jaxb-bom/4.0.1/jaxb-bom-4.0.1.pom (11 kB at 10.0 kB/s)
#33 1237.6 [INFO] Downloading from central: https://repo.maven.apache.org/maven2/org/apache/groovy/groovy-bom/4.0.6/groovy-bom-4.0.6.pom
#33 1240.1 [INFO] Downloaded from central: https://repo.maven.apache.org/maven2/org/apache/groovy/groovy-bom/4.0.6/groovy-bom-4.0.6.pom (27 kB at 11 kB/s)
#33 1240.1 [INFO] Downloading from central: https://repo.maven.apache.org/maven2/org/infinispan/infinispan-bom/14.0.2.Final/infinispan-bom-14.0.2.Final.pom
#33 1241.5 [INFO] Downloaded from central: https://repo.maven.apache.org/maven2/org/infinispan/infinispan-bom/14.0.2.Final/infinispan-bom-14.0.2.Final.pom (22 kB at 15 kB/s)
#33 1241.5 [INFO] Downloading from central: https://repo.maven.apache.org/maven2/org/infinispan/infinispan-build-configuration-parent/14.0.2.Final/infinispan-build-configuration-parent-14.0.2.Final.pom
#33 1243.7 [INFO] Downloaded from central: https://repo.maven.apache.org/maven2/org/infinispan/infinispan-build-configuration-parent/14.0.2.Final/infinispan-build-configuration-parent-14.0.2.Final.pom (22 kB at 10 kB/s)
#33 1243.7 [INFO] Downloading from central: https://repo.maven.apache.org/maven2/org/jboss/jboss-parent/39/jboss-parent-39.pom
#33 1251.4 [INFO] Downloaded from central: https://repo.maven.apache.org/maven2/org/jboss/jboss-parent/39/jboss-parent-39.pom (68 kB at 8.8 kB/s)
#33 1251.4 [INFO] Downloading from central: https://repo.maven.apache.org/maven2/com/fasterxml/jackson/jackson-bom/2.14.1/jackson-bom-2.14.1.pom
#33 1253.7 [INFO] Downloaded from central: https://repo.maven.apache.org/maven2/com/fasterxml/jackson/jackson-bom/2.14.1/jackson-bom-2.14.1.pom (17 kB at 7.6 kB/s)
#33 1253.8 [INFO] Downloading from central: https://repo.maven.apache.org/maven2/com/fasterxml/jackson/jackson-parent/2.14/jackson-parent-2.14.pom
#33 1254.4 [INFO] Downloaded from central: https://repo.maven.apache.org/maven2/com/fasterxml/jackson/jackson-parent/2.14/jackson-parent-2.14.pom (7.7 kB at 13 kB/s)
#33 1254.4 [INFO] Downloading from central: https://repo.maven.apache.org/maven2/com/fasterxml/oss-parent/48/oss-parent-48.pom
#33 1256.1 [INFO] Downloaded from central: https://repo.maven.apache.org/maven2/com/fasterxml/oss-parent/48/oss-parent-48.pom (24 kB at 13 kB/s)
#33 1256.2 [INFO] Downloading from central: https://repo.maven.apache.org/maven2/org/glassfish/jersey/jersey-bom/3.1.0/jersey-bom-3.1.0.pom
#33 1257.7 [INFO] Downloaded from central: https://repo.maven.apache.org/maven2/org/glassfish/jersey/jersey-bom/3.1.0/jersey-bom-3.1.0.pom (19 kB at 12 kB/s)
#33 1257.8 [INFO] Downloading from central: https://repo.maven.apache.org/maven2/org/eclipse/jetty/jetty-bom/11.0.12/jetty-bom-11.0.12.pom
#33 1259.4 [INFO] Downloaded from central: https://repo.maven.apache.org/maven2/org/eclipse/jetty/jetty-bom/11.0.12/jetty-bom-11.0.12.pom (20 kB at 12 kB/s)
#33 1259.4 [INFO] Downloading from central: https://repo.maven.apache.org/maven2/org/junit/junit-bom/5.9.1/junit-bom-5.9.1.pom
#33 1260.0 [INFO] Downloaded from central: https://repo.maven.apache.org/maven2/org/junit/junit-bom/5.9.1/junit-bom-5.9.1.pom (5.6 kB at 9.4 kB/s)
#33 1260.0 [INFO] Downloading from central: https://repo.maven.apache.org/maven2/org/jetbrains/kotlin/kotlin-bom/1.7.21/kotlin-bom-1.7.21.pom
#33 1260.9 [INFO] Downloaded from central: https://repo.maven.apache.org/maven2/org/jetbrains/kotlin/kotlin-bom/1.7.21/kotlin-bom-1.7.21.pom (9.3 kB at 11 kB/s)
#33 1260.9 [INFO] Downloading from central: https://repo.maven.apache.org/maven2/org/jetbrains/kotlinx/kotlinx-coroutines-bom/1.6.4/kotlinx-coroutines-bom-1.6.4.pom
#33 1261.2 [INFO] Downloaded from central: https://repo.maven.apache.org/maven2/org/jetbrains/kotlinx/kotlinx-coroutines-bom/1.6.4/kotlinx-coroutines-bom-1.6.4.pom (4.3 kB at 12 kB/s)
#33 1261.3 [INFO] Downloading from central: https://repo.maven.apache.org/maven2/org/apache/logging/log4j/log4j-bom/2.19.0/log4j-bom-2.19.0.pom
#33 1262.1 [INFO] Downloaded from central: https://repo.maven.apache.org/maven2/org/apache/logging/log4j/log4j-bom/2.19.0/log4j-bom-2.19.0.pom (9.2 kB at 11 kB/s)
#33 1262.1 [INFO] Downloading from central: https://repo.maven.apache.org/maven2/org/apache/logging/logging-parent/5/logging-parent-5.pom
#33 1262.5 [INFO] Downloaded from central: https://repo.maven.apache.org/maven2/org/apache/logging/logging-parent/5/logging-parent-5.pom (3.3 kB at 8.3 kB/s)
#33 1262.5 [INFO] Downloading from central: https://repo.maven.apache.org/maven2/org/apache/apache/24/apache-24.pom
#33 1264.1 [INFO] Downloaded from central: https://repo.maven.apache.org/maven2/org/apache/apache/24/apache-24.pom (20 kB at 12 kB/s)
#33 1264.1 [INFO] Downloading from central: https://repo.maven.apache.org/maven2/io/micrometer/micrometer-bom/1.10.2/micrometer-bom-1.10.2.pom
#33 1265.2 [INFO] Downloaded from central: https://repo.maven.apache.org/maven2/io/micrometer/micrometer-bom/1.10.2/micrometer-bom-1.10.2.pom (7.8 kB at 7.2 kB/s)
#33 1265.2 [INFO] Downloading from central: https://repo.maven.apache.org/maven2/io/micrometer/micrometer-tracing-bom/1.0.0/micrometer-tracing-bom-1.0.0.pom
#33 1267.0 [INFO] Downloaded from central: https://repo.maven.apache.org/maven2/io/micrometer/micrometer-tracing-bom/1.0.0/micrometer-tracing-bom-1.0.0.pom (4.4 kB at 2.4 kB/s)
#33 1267.0 [INFO] Downloading from central: https://repo.maven.apache.org/maven2/io/micrometer/micrometer-bom/1.10.0/micrometer-bom-1.10.0.pom
#33 1268.0 [INFO] Downloaded from central: https://repo.maven.apache.org/maven2/io/micrometer/micrometer-bom/1.10.0/micrometer-bom-1.10.0.pom (7.8 kB at 8.0 kB/s)
#33 1268.0 [INFO] Downloading from central: https://repo.maven.apache.org/maven2/org/mockito/mockito-bom/4.8.1/mockito-bom-4.8.1.pom
#33 1268.4 [INFO] Downloaded from central: https://repo.maven.apache.org/maven2/org/mockito/mockito-bom/4.8.1/mockito-bom-4.8.1.pom (3.0 kB at 7.4 kB/s)
#33 1268.4 [INFO] Downloading from central: https://repo.maven.apache.org/maven2/io/netty/netty-bom/4.1.85.Final/netty-bom-4.1.85.Final.pom
#33 1269.2 [INFO] Downloaded from central: https://repo.maven.apache.org/maven2/io/netty/netty-bom/4.1.85.Final/netty-bom-4.1.85.Final.pom (13 kB at 18 kB/s)
#33 1269.2 [INFO] Downloading from central: https://repo.maven.apache.org/maven2/com/squareup/okhttp3/okhttp-bom/4.10.0/okhttp-bom-4.10.0.pom
#33 1269.5 [INFO] Downloaded from central: https://repo.maven.apache.org/maven2/com/squareup/okhttp3/okhttp-bom/4.10.0/okhttp-bom-4.10.0.pom (3.1 kB at 9.0 kB/s)
#33 1269.5 [INFO] Downloading from central: https://repo.maven.apache.org/maven2/io/opentelemetry/opentelemetry-bom/1.19.0/opentelemetry-bom-1.19.0.pom
#33 1270.6 [INFO] Downloaded from central: https://repo.maven.apache.org/maven2/io/opentelemetry/opentelemetry-bom/1.19.0/opentelemetry-bom-1.19.0.pom (6.0 kB at 5.7 kB/s)
#33 1270.6 [INFO] Downloading from central: https://repo.maven.apache.org/maven2/com/oracle/database/jdbc/ojdbc-bom/21.7.0.0/ojdbc-bom-21.7.0.0.pom
#33 1271.8 [INFO] Downloaded from central: https://repo.maven.apache.org/maven2/com/oracle/database/jdbc/ojdbc-bom/21.7.0.0/ojdbc-bom-21.7.0.0.pom (13 kB at 10 kB/s)
#33 1271.8 [INFO] Downloading from central: https://repo.maven.apache.org/maven2/com/querydsl/querydsl-bom/5.0.0/querydsl-bom-5.0.0.pom
#33 1273.5 [INFO] Downloaded from central: https://repo.maven.apache.org/maven2/com/querydsl/querydsl-bom/5.0.0/querydsl-bom-5.0.0.pom (7.2 kB at 4.1 kB/s)
#33 1273.6 [INFO] Downloading from central: https://repo.maven.apache.org/maven2/io/projectreactor/reactor-bom/2022.0.0/reactor-bom-2022.0.0.pom
#33 1274.1 [INFO] Downloaded from central: https://repo.maven.apache.org/maven2/io/projectreactor/reactor-bom/2022.0.0/reactor-bom-2022.0.0.pom (4.8 kB at 8.1 kB/s)
#33 1274.2 [INFO] Downloading from central: https://repo.maven.apache.org/maven2/io/rest-assured/rest-assured-bom/5.2.1/rest-assured-bom-5.2.1.pom
#33 1274.5 [INFO] Downloaded from central: https://repo.maven.apache.org/maven2/io/rest-assured/rest-assured-bom/5.2.1/rest-assured-bom-5.2.1.pom (4.3 kB at 11 kB/s)
#33 1274.6 [INFO] Downloading from central: https://repo.maven.apache.org/maven2/io/rsocket/rsocket-bom/1.1.3/rsocket-bom-1.1.3.pom
#33 1274.9 [INFO] Downloaded from central: https://repo.maven.apache.org/maven2/io/rsocket/rsocket-bom/1.1.3/rsocket-bom-1.1.3.pom (2.6 kB at 7.3 kB/s)
#33 1274.9 [INFO] Downloading from central: https://repo.maven.apache.org/maven2/org/springframework/batch/spring-batch-bom/5.0.0/spring-batch-bom-5.0.0.pom
#33 1275.3 [INFO] Downloaded from central: https://repo.maven.apache.org/maven2/org/springframework/batch/spring-batch-bom/5.0.0/spring-batch-bom-5.0.0.pom (3.2 kB at 9.1 kB/s)
#33 1275.3 [INFO] Downloading from central: https://repo.maven.apache.org/maven2/org/springframework/data/spring-data-bom/2022.0.0/spring-data-bom-2022.0.0.pom
#33 1275.8 [INFO] Downloaded from central: https://repo.maven.apache.org/maven2/org/springframework/data/spring-data-bom/2022.0.0/spring-data-bom-2022.0.0.pom (5.5 kB at 11 kB/s)
#33 1275.8 [INFO] Downloading from central: https://repo.maven.apache.org/maven2/org/springframework/spring-framework-bom/6.0.2/spring-framework-bom-6.0.2.pom
#33 1276.3 [INFO] Downloaded from central: https://repo.maven.apache.org/maven2/org/springframework/spring-framework-bom/6.0.2/spring-framework-bom-6.0.2.pom (5.8 kB at 12 kB/s)
#33 1276.3 [INFO] Downloading from central: https://repo.maven.apache.org/maven2/org/springframework/integration/spring-integration-bom/6.0.0/spring-integration-bom-6.0.0.pom
#33 1276.9 [INFO] Downloaded from central: https://repo.maven.apache.org/maven2/org/springframework/integration/spring-integration-bom/6.0.0/spring-integration-bom-6.0.0.pom (9.7 kB at 16 kB/s)
#33 1276.9 [INFO] Downloading from central: https://repo.maven.apache.org/maven2/org/springframework/restdocs/spring-restdocs-bom/3.0.0/spring-restdocs-bom-3.0.0.pom
#33 1277.2 [INFO] Downloaded from central: https://repo.maven.apache.org/maven2/org/springframework/restdocs/spring-restdocs-bom/3.0.0/spring-restdocs-bom-3.0.0.pom (2.6 kB at 8.0 kB/s)
#33 1277.2 [INFO] Downloading from central: https://repo.maven.apache.org/maven2/org/springframework/security/spring-security-bom/6.0.0/spring-security-bom-6.0.0.pom
#33 1277.6 [INFO] Downloaded from central: https://repo.maven.apache.org/maven2/org/springframework/security/spring-security-bom/6.0.0/spring-security-bom-6.0.0.pom (5.2 kB at 16 kB/s)
#33 1277.6 [INFO] Downloading from central: https://repo.maven.apache.org/maven2/org/springframework/session/spring-session-bom/3.0.0/spring-session-bom-3.0.0.pom
#33 1277.9 [INFO] Downloaded from central: https://repo.maven.apache.org/maven2/org/springframework/session/spring-session-bom/3.0.0/spring-session-bom-3.0.0.pom (2.9 kB at 8.7 kB/s)
#33 1277.9 [INFO] Downloading from central: https://repo.maven.apache.org/maven2/com/alibaba/cloud/spring-cloud-alibaba-commons/2022.0.0.0/spring-cloud-alibaba-commons-2022.0.0.0.pom
#33 1278.2 [INFO] Downloaded from central: https://repo.maven.apache.org/maven2/com/alibaba/cloud/spring-cloud-alibaba-commons/2022.0.0.0/spring-cloud-alibaba-commons-2022.0.0.0.pom (2.7 kB at 10 kB/s)
#33 1278.2 [INFO] Downloading from central: https://repo.maven.apache.org/maven2/com/alibaba/spring/spring-context-support/1.0.11/spring-context-support-1.0.11.pom
#33 1278.8 [INFO] Downloaded from central: https://repo.maven.apache.org/maven2/com/alibaba/spring/spring-context-support/1.0.11/spring-context-support-1.0.11.pom (6.0 kB at 11 kB/s)
#33 1278.8 [INFO] Downloading from central: https://repo.maven.apache.org/maven2/com/alibaba/nacos/nacos-client/2.2.1/nacos-client-2.2.1.pom
#33 1279.0 [INFO] Downloaded from central: https://repo.maven.apache.org/maven2/com/alibaba/nacos/nacos-client/2.2.1/nacos-client-2.2.1.pom (2.5 kB at 9.4 kB/s)
#33 1279.0 [INFO] Downloading from central: https://repo.maven.apache.org/maven2/com/alibaba/nacos/nacos-auth-plugin/2.2.1/nacos-auth-plugin-2.2.1.pom
#33 1279.3 [INFO] Downloaded from central: https://repo.maven.apache.org/maven2/com/alibaba/nacos/nacos-auth-plugin/2.2.1/nacos-auth-plugin-2.2.1.pom (1.4 kB at 5.1 kB/s)
#33 1279.3 [INFO] Downloading from central: https://repo.maven.apache.org/maven2/com/alibaba/nacos/nacos-encryption-plugin/2.2.1/nacos-encryption-plugin-2.2.1.pom
#33 1279.6 [INFO] Downloaded from central: https://repo.maven.apache.org/maven2/com/alibaba/nacos/nacos-encryption-plugin/2.2.1/nacos-encryption-plugin-2.2.1.pom (1.4 kB at 5.0 kB/s)
#33 1279.6 [INFO] Downloading from central: https://repo.maven.apache.org/maven2/commons-codec/commons-codec/1.18.0/commons-codec-1.18.0.pom
#33 1280.8 [INFO] Downloaded from central: https://repo.maven.apache.org/maven2/commons-codec/commons-codec/1.18.0/commons-codec-1.18.0.pom (18 kB at 15 kB/s)
#33 1280.8 [INFO] Downloading from central: https://repo.maven.apache.org/maven2/org/apache/commons/commons-parent/79/commons-parent-79.pom
#33 1284.0 [INFO] Downloaded from central: https://repo.maven.apache.org/maven2/org/apache/commons/commons-parent/79/commons-parent-79.pom (77 kB at 24 kB/s)
#33 1284.1 [INFO] Downloading from central: https://repo.maven.apache.org/maven2/org/junit/junit-bom/5.11.4/junit-bom-5.11.4.pom
#33 1284.6 [INFO] Downloaded from central: https://repo.maven.apache.org/maven2/org/junit/junit-bom/5.11.4/junit-bom-5.11.4.pom (5.6 kB at 9.9 kB/s)
#33 1284.6 [INFO] Downloading from central: https://repo.maven.apache.org/maven2/com/fasterxml/jackson/core/jackson-core/2.19.1/jackson-core-2.19.1.pom
#33 1285.5 [INFO] Downloaded from central: https://repo.maven.apache.org/maven2/com/fasterxml/jackson/core/jackson-core/2.19.1/jackson-core-2.19.1.pom (9.4 kB at 11 kB/s)
#33 1285.5 [INFO] Downloading from central: https://repo.maven.apache.org/maven2/com/fasterxml/jackson/jackson-base/2.19.1/jackson-base-2.19.1.pom
#33 1286.5 [INFO] Downloaded from central: https://repo.maven.apache.org/maven2/com/fasterxml/jackson/jackson-base/2.19.1/jackson-base-2.19.1.pom (12 kB at 11 kB/s)
#33 1286.6 [INFO] Downloading from central: https://repo.maven.apache.org/maven2/com/fasterxml/jackson/core/jackson-databind/2.19.1/jackson-databind-2.19.1.pom
#33 1288.0 [INFO] Downloaded from central: https://repo.maven.apache.org/maven2/com/fasterxml/jackson/core/jackson-databind/2.19.1/jackson-databind-2.19.1.pom (23 kB at 15 kB/s)
#33 1288.1 [INFO] Downloading from central: https://repo.maven.apache.org/maven2/com/fasterxml/jackson/core/jackson-annotations/2.19.1/jackson-annotations-2.19.1.pom
#33 1289.2 [INFO] Downloaded from central: https://repo.maven.apache.org/maven2/com/fasterxml/jackson/core/jackson-annotations/2.19.1/jackson-annotations-2.19.1.pom (6.9 kB at 6.2 kB/s)
#33 1289.3 [INFO] Downloading from central: https://repo.maven.apache.org/maven2/org/apache/httpcomponents/httpasyncclient/4.1.5/httpasyncclient-4.1.5.pom
#33 1290.4 [INFO] Downloaded from central: https://repo.maven.apache.org/maven2/org/apache/httpcomponents/httpasyncclient/4.1.5/httpasyncclient-4.1.5.pom (5.9 kB at 5.2 kB/s)
#33 1290.4 [INFO] Downloading from central: https://repo.maven.apache.org/maven2/org/apache/httpcomponents/httpcomponents-asyncclient/4.1.5/httpcomponents-asyncclient-4.1.5.pom
#33 1291.5 [INFO] Downloaded from central: https://repo.maven.apache.org/maven2/org/apache/httpcomponents/httpcomponents-asyncclient/4.1.5/httpcomponents-asyncclient-4.1.5.pom (10 kB at 9.3 kB/s)
#33 1291.5 [INFO] Downloading from central: https://repo.maven.apache.org/maven2/org/apache/httpcomponents/httpcore/4.4.16/httpcore-4.4.16.pom
#33 1292.3 [INFO] Downloaded from central: https://repo.maven.apache.org/maven2/org/apache/httpcomponents/httpcore/4.4.16/httpcore-4.4.16.pom (5.0 kB at 6.1 kB/s)
#33 1292.3 [INFO] Downloading from central: https://repo.maven.apache.org/maven2/org/apache/httpcomponents/httpcomponents-core/4.4.16/httpcomponents-core-4.4.16.pom
#33 1294.5 [INFO] Downloaded from central: https://repo.maven.apache.org/maven2/org/apache/httpcomponents/httpcomponents-core/4.4.16/httpcomponents-core-4.4.16.pom (12 kB at 5.6 kB/s)
#33 1294.5 [INFO] Downloading from central: https://repo.maven.apache.org/maven2/org/apache/httpcomponents/httpcore-nio/4.4.16/httpcore-nio-4.4.16.pom
#33 1295.1 [INFO] Downloaded from central: https://repo.maven.apache.org/maven2/org/apache/httpcomponents/httpcore-nio/4.4.16/httpcore-nio-4.4.16.pom (5.5 kB at 8.8 kB/s)
#33 1295.1 [INFO] Downloading from central: https://repo.maven.apache.org/maven2/io/prometheus/simpleclient/0.16.0/simpleclient-0.16.0.pom
#33 1295.4 [INFO] Downloaded from central: https://repo.maven.apache.org/maven2/io/prometheus/simpleclient/0.16.0/simpleclient-0.16.0.pom (2.2 kB at 8.7 kB/s)
#33 1295.4 [INFO] Downloading from central: https://repo.maven.apache.org/maven2/io/prometheus/simpleclient_tracer_otel/0.16.0/simpleclient_tracer_otel-0.16.0.pom
#33 1295.6 [INFO] Downloaded from central: https://repo.maven.apache.org/maven2/io/prometheus/simpleclient_tracer_otel/0.16.0/simpleclient_tracer_otel-0.16.0.pom (1.5 kB at 5.5 kB/s)
#33 1295.6 [INFO] Downloading from central: https://repo.maven.apache.org/maven2/io/prometheus/simpleclient_tracer/0.16.0/simpleclient_tracer-0.16.0.pom
#33 1295.9 [INFO] Downloaded from central: https://repo.maven.apache.org/maven2/io/prometheus/simpleclient_tracer/0.16.0/simpleclient_tracer-0.16.0.pom (1.2 kB at 4.9 kB/s)
#33 1295.9 [INFO] Downloading from central: https://repo.maven.apache.org/maven2/io/prometheus/simpleclient_tracer_common/0.16.0/simpleclient_tracer_common-0.16.0.pom
#33 1296.9 [INFO] Downloaded from central: https://repo.maven.apache.org/maven2/io/prometheus/simpleclient_tracer_common/0.16.0/simpleclient_tracer_common-0.16.0.pom (839 B at 814 B/s)
#33 1297.0 [INFO] Downloading from central: https://repo.maven.apache.org/maven2/io/prometheus/simpleclient_tracer_otel_agent/0.16.0/simpleclient_tracer_otel_agent-0.16.0.pom
#33 1297.5 [INFO] Downloaded from central: https://repo.maven.apache.org/maven2/io/prometheus/simpleclient_tracer_otel_agent/0.16.0/simpleclient_tracer_otel_agent-0.16.0.pom (2.4 kB at 4.6 kB/s)
#33 1297.5 [INFO] Downloading from central: https://repo.maven.apache.org/maven2/org/yaml/snakeyaml/2.0/snakeyaml-2.0.pom
#33 1300.8 [INFO] Downloaded from central: https://repo.maven.apache.org/maven2/org/yaml/snakeyaml/2.0/snakeyaml-2.0.pom (21 kB at 6.3 kB/s)
#33 1300.8 [INFO] Downloading from central: https://repo.maven.apache.org/maven2/org/springframework/cloud/spring-cloud-commons/4.3.0/spring-cloud-commons-4.3.0.pom
#33 1301.6 [INFO] Downloaded from central: https://repo.maven.apache.org/maven2/org/springframework/cloud/spring-cloud-commons/4.3.0/spring-cloud-commons-4.3.0.pom (7.2 kB at 8.7 kB/s)
#33 1301.6 [INFO] Downloading from central: https://repo.maven.apache.org/maven2/org/springframework/cloud/spring-cloud-commons-parent/4.3.0/spring-cloud-commons-parent-4.3.0.pom
#33 1302.4 [INFO] Downloaded from central: https://repo.maven.apache.org/maven2/org/springframework/cloud/spring-cloud-commons-parent/4.3.0/spring-cloud-commons-parent-4.3.0.pom (4.5 kB at 5.9 kB/s)
#33 1302.4 [INFO] Downloading from central: https://repo.maven.apache.org/maven2/org/springframework/cloud/spring-cloud-build/4.3.0/spring-cloud-build-4.3.0.pom
#33 1306.9 [INFO] Downloaded from central: https://repo.maven.apache.org/maven2/org/springframework/cloud/spring-cloud-build/4.3.0/spring-cloud-build-4.3.0.pom (49 kB at 11 kB/s)
#33 1306.9 [INFO] Downloading from central: https://repo.maven.apache.org/maven2/org/springframework/cloud/spring-cloud-build-dependencies/4.3.0/spring-cloud-build-dependencies-4.3.0.pom
#33 1307.3 [INFO] Downloaded from central: https://repo.maven.apache.org/maven2/org/springframework/cloud/spring-cloud-build-dependencies/4.3.0/spring-cloud-build-dependencies-4.3.0.pom (3.3 kB at 8.4 kB/s)
#33 1307.3 [INFO] Downloading from central: https://repo.maven.apache.org/maven2/org/springframework/boot/spring-boot-dependencies/3.5.0/spring-boot-dependencies-3.5.0.pom
#33 1312.3 [INFO] Downloaded from central: https://repo.maven.apache.org/maven2/org/springframework/boot/spring-boot-dependencies/3.5.0/spring-boot-dependencies-3.5.0.pom (96 kB at 19 kB/s)
#33 1312.4 [INFO] Downloading from central: https://repo.maven.apache.org/maven2/io/zipkin/reporter2/zipkin-reporter-bom/3.5.0/zipkin-reporter-bom-3.5.0.pom
#33 1313.1 [INFO] Downloaded from central: https://repo.maven.apache.org/maven2/io/zipkin/reporter2/zipkin-reporter-bom/3.5.0/zipkin-reporter-bom-3.5.0.pom (6.3 kB at 8.2 kB/s)
#33 1313.1 [INFO] Downloading from central: https://repo.maven.apache.org/maven2/org/apache/groovy/groovy-bom/4.0.26/groovy-bom-4.0.26.pom
#33 1315.1 [INFO] Downloaded from central: https://repo.maven.apache.org/maven2/org/apache/groovy/groovy-bom/4.0.26/groovy-bom-4.0.26.pom (27 kB at 14 kB/s)
#33 1315.1 [INFO] Downloading from central: https://repo.maven.apache.org/maven2/org/infinispan/infinispan-bom/15.2.1.Final/infinispan-bom-15.2.1.Final.pom
#33 1318.4 [INFO] Downloaded from central: https://repo.maven.apache.org/maven2/org/infinispan/infinispan-bom/15.2.1.Final/infinispan-bom-15.2.1.Final.pom (17 kB at 5.3 kB/s)
#33 1318.4 [INFO] Downloading from central: https://repo.maven.apache.org/maven2/org/infinispan/infinispan-build-configuration-parent/15.2.1.Final/infinispan-build-configuration-parent-15.2.1.Final.pom
#33 1319.6 [INFO] Downloaded from central: https://repo.maven.apache.org/maven2/org/infinispan/infinispan-build-configuration-parent/15.2.1.Final/infinispan-build-configuration-parent-15.2.1.Final.pom (18 kB at 15 kB/s)
#33 1319.6 [INFO] Downloading from central: https://repo.maven.apache.org/maven2/com/fasterxml/jackson/jackson-bom/2.19.0/jackson-bom-2.19.0.pom
#33 1320.8 [INFO] Downloaded from central: https://repo.maven.apache.org/maven2/com/fasterxml/jackson/jackson-bom/2.19.0/jackson-bom-2.19.0.pom (20 kB at 16 kB/s)
#33 1320.8 [INFO] Downloading from central: https://repo.maven.apache.org/maven2/com/fasterxml/jackson/jackson-parent/2.19/jackson-parent-2.19.pom
#33 1321.4 [INFO] Downloaded from central: https://repo.maven.apache.org/maven2/com/fasterxml/jackson/jackson-parent/2.19/jackson-parent-2.19.pom (6.7 kB at 13 kB/s)
#33 1321.4 [INFO] Downloading from central: https://repo.maven.apache.org/maven2/com/fasterxml/oss-parent/65/oss-parent-65.pom
#33 1322.8 [INFO] Downloaded from central: https://repo.maven.apache.org/maven2/com/fasterxml/oss-parent/65/oss-parent-65.pom (23 kB at 16 kB/s)
#33 1322.8 [INFO] Downloading from central: https://repo.maven.apache.org/maven2/org/eclipse/jetty/ee10/jetty-ee10-bom/12.0.21/jetty-ee10-bom-12.0.21.pom
#33 1323.6 [INFO] Downloaded from central: https://repo.maven.apache.org/maven2/org/eclipse/jetty/ee10/jetty-ee10-bom/12.0.21/jetty-ee10-bom-12.0.21.pom (9.6 kB at 12 kB/s)
#33 1323.6 [INFO] Downloading from central: https://repo.maven.apache.org/maven2/org/eclipse/jetty/jetty-bom/12.0.21/jetty-bom-12.0.21.pom
#33 1324.8 [INFO] Downloaded from central: https://repo.maven.apache.org/maven2/org/eclipse/jetty/jetty-bom/12.0.21/jetty-bom-12.0.21.pom (15 kB at 12 kB/s)
#33 1324.8 [INFO] Downloading from central: https://repo.maven.apache.org/maven2/io/micrometer/micrometer-bom/1.15.0/micrometer-bom-1.15.0.pom
#33 1325.4 [INFO] Downloaded from central: https://repo.maven.apache.org/maven2/io/micrometer/micrometer-bom/1.15.0/micrometer-bom-1.15.0.pom (8.6 kB at 15 kB/s)
#33 1325.4 [INFO] Downloading from central: https://repo.maven.apache.org/maven2/io/micrometer/micrometer-tracing-bom/1.5.0/micrometer-tracing-bom-1.5.0.pom
#33 1326.0 [INFO] Downloaded from central: https://repo.maven.apache.org/maven2/io/micrometer/micrometer-tracing-bom/1.5.0/micrometer-tracing-bom-1.5.0.pom (4.5 kB at 7.6 kB/s)
#33 1326.0 [INFO] Downloading from central: https://repo.maven.apache.org/maven2/org/mongodb/mongodb-driver-bom/5.4.0/mongodb-driver-bom-5.4.0.pom
#33 1326.5 [INFO] Downloaded from central: https://repo.maven.apache.org/maven2/org/mongodb/mongodb-driver-bom/5.4.0/mongodb-driver-bom-5.4.0.pom (4.0 kB at 7.4 kB/s)
#33 1326.5 [INFO] Downloading from central: https://repo.maven.apache.org/maven2/io/netty/netty-bom/4.1.121.Final/netty-bom-4.1.121.Final.pom
#33 1329.5 [INFO] Downloaded from central: https://repo.maven.apache.org/maven2/io/netty/netty-bom/4.1.121.Final/netty-bom-4.1.121.Final.pom (14 kB at 4.6 kB/s)
#33 1329.5 [INFO] Downloading from central: https://repo.maven.apache.org/maven2/io/prometheus/prometheus-metrics-bom/1.3.6/prometheus-metrics-bom-1.3.6.pom
#33 1330.1 [INFO] Downloaded from central: https://repo.maven.apache.org/maven2/io/prometheus/prometheus-metrics-bom/1.3.6/prometheus-metrics-bom-1.3.6.pom (5.8 kB at 9.5 kB/s)
#33 1330.1 [INFO] Downloading from central: https://repo.maven.apache.org/maven2/io/prometheus/client_java/1.3.6/client_java-1.3.6.pom
#33 1332.5 [INFO] Downloaded from central: https://repo.maven.apache.org/maven2/io/prometheus/client_java/1.3.6/client_java-1.3.6.pom (22 kB at 9.3 kB/s)
#33 1332.5 [INFO] Downloading from central: https://repo.maven.apache.org/maven2/org/apache/pulsar/pulsar-bom/4.0.4/pulsar-bom-4.0.4.pom
#33 1334.2 [INFO] Downloaded from central: https://repo.maven.apache.org/maven2/org/apache/pulsar/pulsar-bom/4.0.4/pulsar-bom-4.0.4.pom (25 kB at 15 kB/s)
#33 1334.2 [INFO] Downloading from central: https://repo.maven.apache.org/maven2/io/projectreactor/reactor-bom/2024.0.6/reactor-bom-2024.0.6.pom
#33 1335.1 [INFO] Downloaded from central: https://repo.maven.apache.org/maven2/io/projectreactor/reactor-bom/2024.0.6/reactor-bom-2024.0.6.pom (4.8 kB at 5.8 kB/s)
#33 1335.1 [INFO] Downloading from central: https://repo.maven.apache.org/maven2/io/rest-assured/rest-assured-bom/5.5.2/rest-assured-bom-5.5.2.pom
#33 1335.9 [INFO] Downloaded from central: https://repo.maven.apache.org/maven2/io/rest-assured/rest-assured-bom/5.5.2/rest-assured-bom-5.5.2.pom (5.0 kB at 6.0 kB/s)
#33 1335.9 [INFO] Downloading from central: https://repo.maven.apache.org/maven2/org/springframework/data/spring-data-bom/2025.0.0/spring-data-bom-2025.0.0.pom
#33 1337.1 [INFO] Downloaded from central: https://repo.maven.apache.org/maven2/org/springframework/data/spring-data-bom/2025.0.0/spring-data-bom-2025.0.0.pom (5.5 kB at 4.8 kB/s)
#33 1337.1 [INFO] Downloading from central: https://repo.maven.apache.org/maven2/org/springframework/spring-framework-bom/6.2.7/spring-framework-bom-6.2.7.pom
#33 1337.7 [INFO] Downloaded from central: https://repo.maven.apache.org/maven2/org/springframework/spring-framework-bom/6.2.7/spring-framework-bom-6.2.7.pom (5.8 kB at 9.0 kB/s)
#33 1337.7 [INFO] Downloading from central: https://repo.maven.apache.org/maven2/org/springframework/pulsar/spring-pulsar-bom/1.2.6/spring-pulsar-bom-1.2.6.pom
#33 1338.1 [INFO] Downloaded from central: https://repo.maven.apache.org/maven2/org/springframework/pulsar/spring-pulsar-bom/1.2.6/spring-pulsar-bom-1.2.6.pom (2.9 kB at 7.6 kB/s)
#33 1338.1 [INFO] Downloading from central: https://repo.maven.apache.org/maven2/org/springframework/restdocs/spring-restdocs-bom/3.0.3/spring-restdocs-bom-3.0.3.pom
#33 1338.4 [INFO] Downloaded from central: https://repo.maven.apache.org/maven2/org/springframework/restdocs/spring-restdocs-bom/3.0.3/spring-restdocs-bom-3.0.3.pom (2.6 kB at 9.4 kB/s)
#33 1338.4 [INFO] Downloading from central: https://repo.maven.apache.org/maven2/org/springframework/security/spring-security-bom/6.5.0/spring-security-bom-6.5.0.pom
#33 1338.9 [INFO] Downloaded from central: https://repo.maven.apache.org/maven2/org/springframework/security/spring-security-bom/6.5.0/spring-security-bom-6.5.0.pom (5.3 kB at 11 kB/s)
#33 1338.9 [INFO] Downloading from central: https://repo.maven.apache.org/maven2/org/springframework/session/spring-session-bom/3.5.0/spring-session-bom-3.5.0.pom
#33 1339.2 [INFO] Downloaded from central: https://repo.maven.apache.org/maven2/org/springframework/session/spring-session-bom/3.5.0/spring-session-bom-3.5.0.pom (2.9 kB at 8.8 kB/s)
#33 1339.2 [INFO] Downloading from central: https://repo.maven.apache.org/maven2/org/testcontainers/testcontainers-bom/1.21.0/testcontainers-bom-1.21.0.pom
#33 1339.8 [INFO] Downloaded from central: https://repo.maven.apache.org/maven2/org/testcontainers/testcontainers-bom/1.21.0/testcontainers-bom-1.21.0.pom (12 kB at 20 kB/s)
#33 1339.8 [INFO] Downloading from central: https://repo.maven.apache.org/maven2/org/springframework/security/spring-security-crypto/6.5.1/spring-security-crypto-6.5.1.pom
#33 1340.1 [INFO] Downloaded from central: https://repo.maven.apache.org/maven2/org/springframework/security/spring-security-crypto/6.5.1/spring-security-crypto-6.5.1.pom (1.9 kB at 7.5 kB/s)
#33 1340.1 [INFO] Downloading from central: https://repo.maven.apache.org/maven2/org/springframework/cloud/spring-cloud-context/4.3.0/spring-cloud-context-4.3.0.pom
#33 1340.5 [INFO] Downloaded from central: https://repo.maven.apache.org/maven2/org/springframework/cloud/spring-cloud-context/4.3.0/spring-cloud-context-4.3.0.pom (5.9 kB at 15 kB/s)
#33 1340.6 [INFO] Downloading from central: https://repo.maven.apache.org/maven2/com/alibaba/cloud/spring-cloud-starter-alibaba-nacos-discovery/2022.0.0.0/spring-cloud-starter-alibaba-nacos-discovery-2022.0.0.0.pom
#33 1341.5 [INFO] Downloaded from central: https://repo.maven.apache.org/maven2/com/alibaba/cloud/spring-cloud-starter-alibaba-nacos-discovery/2022.0.0.0/spring-cloud-starter-alibaba-nacos-discovery-2022.0.0.0.pom (5.4 kB at 6.1 kB/s)
#33 1341.5 [INFO] Downloading from central: https://repo.maven.apache.org/maven2/org/springframework/boot/spring-boot-starter-actuator/3.5.3/spring-boot-starter-actuator-3.5.3.pom
#33 1341.9 [INFO] Downloaded from central: https://repo.maven.apache.org/maven2/org/springframework/boot/spring-boot-starter-actuator/3.5.3/spring-boot-starter-actuator-3.5.3.pom (2.8 kB at 7.8 kB/s)
#33 1341.9 [INFO] Downloading from central: https://repo.maven.apache.org/maven2/org/springframework/boot/spring-boot-actuator-autoconfigure/3.5.3/spring-boot-actuator-autoconfigure-3.5.3.pom
#33 1342.2 [INFO] Downloaded from central: https://repo.maven.apache.org/maven2/org/springframework/boot/spring-boot-actuator-autoconfigure/3.5.3/spring-boot-actuator-autoconfigure-3.5.3.pom (2.9 kB at 8.1 kB/s)
#33 1342.3 [INFO] Downloading from central: https://repo.maven.apache.org/maven2/org/springframework/boot/spring-boot-actuator/3.5.3/spring-boot-actuator-3.5.3.pom
#33 1342.5 [INFO] Downloaded from central: https://repo.maven.apache.org/maven2/org/springframework/boot/spring-boot-actuator/3.5.3/spring-boot-actuator-3.5.3.pom (2.0 kB at 7.6 kB/s)
#33 1342.5 [INFO] Downloading from central: https://repo.maven.apache.org/maven2/com/fasterxml/jackson/datatype/jackson-datatype-jsr310/2.19.1/jackson-datatype-jsr310-2.19.1.pom
#33 1343.1 [INFO] Downloaded from central: https://repo.maven.apache.org/maven2/com/fasterxml/jackson/datatype/jackson-datatype-jsr310/2.19.1/jackson-datatype-jsr310-2.19.1.pom (5.4 kB at 9.7 kB/s)
#33 1343.1 [INFO] Downloading from central: https://repo.maven.apache.org/maven2/com/fasterxml/jackson/module/jackson-modules-java8/2.19.1/jackson-modules-java8-2.19.1.pom
#33 1343.9 [INFO] Downloaded from central: https://repo.maven.apache.org/maven2/com/fasterxml/jackson/module/jackson-modules-java8/2.19.1/jackson-modules-java8-2.19.1.pom (3.1 kB at 3.6 kB/s)
#33 1344.0 [INFO] Downloading from central: https://repo.maven.apache.org/maven2/io/micrometer/micrometer-jakarta9/1.15.1/micrometer-jakarta9-1.15.1.pom
#33 1344.7 [INFO] Downloaded from central: https://repo.maven.apache.org/maven2/io/micrometer/micrometer-jakarta9/1.15.1/micrometer-jakarta9-1.15.1.pom (3.8 kB at 4.8 kB/s)
#33 1344.8 [INFO] Downloading from central: https://repo.maven.apache.org/maven2/io/micrometer/micrometer-core/1.15.1/micrometer-core-1.15.1.pom
#33 1346.8 [INFO] Downloaded from central: https://repo.maven.apache.org/maven2/io/micrometer/micrometer-core/1.15.1/micrometer-core-1.15.1.pom (11 kB at 5.2 kB/s)
#33 1346.9 [INFO] Downloading from central: https://repo.maven.apache.org/maven2/org/hdrhistogram/HdrHistogram/2.2.2/HdrHistogram-2.2.2.pom
#33 1348.7 [INFO] Downloaded from central: https://repo.maven.apache.org/maven2/org/hdrhistogram/HdrHistogram/2.2.2/HdrHistogram-2.2.2.pom (13 kB at 6.7 kB/s)
#33 1348.8 [INFO] Downloading from central: https://repo.maven.apache.org/maven2/org/latencyutils/LatencyUtils/2.0.3/LatencyUtils-2.0.3.pom
#33 1349.9 [INFO] Downloaded from central: https://repo.maven.apache.org/maven2/org/latencyutils/LatencyUtils/2.0.3/LatencyUtils-2.0.3.pom (7.2 kB at 6.1 kB/s)
#33 1350.0 [INFO] Downloading from central: https://repo.maven.apache.org/maven2/org/springframework/boot/spring-boot-configuration-processor/3.5.3/spring-boot-configuration-processor-3.5.3.pom
#33 1350.6 [INFO] Downloaded from central: https://repo.maven.apache.org/maven2/org/springframework/boot/spring-boot-configuration-processor/3.5.3/spring-boot-configuration-processor-3.5.3.pom (1.9 kB at 3.1 kB/s)
#33 1350.6 [INFO] Downloading from central: https://repo.maven.apache.org/maven2/org/springframework/cloud/spring-cloud-starter-loadbalancer/4.3.0/spring-cloud-starter-loadbalancer-4.3.0.pom
#33 1351.5 [INFO] Downloaded from central: https://repo.maven.apache.org/maven2/org/springframework/cloud/spring-cloud-starter-loadbalancer/4.3.0/spring-cloud-starter-loadbalancer-4.3.0.pom (4.5 kB at 5.0 kB/s)
#33 1351.5 [INFO] Downloading from central: https://repo.maven.apache.org/maven2/org/springframework/cloud/spring-cloud-starter/4.3.0/spring-cloud-starter-4.3.0.pom
#33 1354.0 [INFO] Downloaded from central: https://repo.maven.apache.org/maven2/org/springframework/cloud/spring-cloud-starter/4.3.0/spring-cloud-starter-4.3.0.pom (4.4 kB at 1.8 kB/s)
#33 1354.0 [INFO] Downloading from central: https://repo.maven.apache.org/maven2/org/bouncycastle/bcprov-jdk18on/1.80/bcprov-jdk18on-1.80.pom
#33 1354.2 [INFO] Downloaded from central: https://repo.maven.apache.org/maven2/org/bouncycastle/bcprov-jdk18on/1.80/bcprov-jdk18on-1.80.pom (1.2 kB at 4.6 kB/s)
#33 1354.3 [INFO] Downloading from central: https://repo.maven.apache.org/maven2/org/springframework/cloud/spring-cloud-loadbalancer/4.3.0/spring-cloud-loadbalancer-4.3.0.pom
#33 1354.8 [INFO] Downloaded from central: https://repo.maven.apache.org/maven2/org/springframework/cloud/spring-cloud-loadbalancer/4.3.0/spring-cloud-loadbalancer-4.3.0.pom (6.9 kB at 13 kB/s)
#33 1354.8 [INFO] Downloading from central: https://repo.maven.apache.org/maven2/io/projectreactor/reactor-core/3.7.7/reactor-core-3.7.7.pom
#33 1355.0 [INFO] Downloaded from central: https://repo.maven.apache.org/maven2/io/projectreactor/reactor-core/3.7.7/reactor-core-3.7.7.pom (2.1 kB at 8.5 kB/s)
#33 1355.0 [INFO] Downloading from central: https://repo.maven.apache.org/maven2/org/reactivestreams/reactive-streams/1.0.4/reactive-streams-1.0.4.pom
#33 1355.3 [INFO] Downloaded from central: https://repo.maven.apache.org/maven2/org/reactivestreams/reactive-streams/1.0.4/reactive-streams-1.0.4.pom (1.1 kB at 4.5 kB/s)
#33 1355.3 [INFO] Downloading from central: https://repo.maven.apache.org/maven2/io/projectreactor/addons/reactor-extra/3.5.2/reactor-extra-3.5.2.pom
#33 1356.4 [INFO] Downloaded from central: https://repo.maven.apache.org/maven2/io/projectreactor/addons/reactor-extra/3.5.2/reactor-extra-3.5.2.pom (2.0 kB at 1.8 kB/s)
#33 1356.5 [INFO] Downloading from central: https://repo.maven.apache.org/maven2/org/springframework/boot/spring-boot-starter-cache/3.5.3/spring-boot-starter-cache-3.5.3.pom
#33 1356.7 [INFO] Downloaded from central: https://repo.maven.apache.org/maven2/org/springframework/boot/spring-boot-starter-cache/3.5.3/spring-boot-starter-cache-3.5.3.pom (2.3 kB at 9.1 kB/s)
#33 1356.7 [INFO] Downloading from central: https://repo.maven.apache.org/maven2/org/springframework/spring-context-support/6.2.8/spring-context-support-6.2.8.pom
#33 1357.0 [INFO] Downloaded from central: https://repo.maven.apache.org/maven2/org/springframework/spring-context-support/6.2.8/spring-context-support-6.2.8.pom (2.4 kB at 8.7 kB/s)
#33 1357.0 [INFO] Downloading from central: https://repo.maven.apache.org/maven2/com/stoyanr/evictor/1.0.0/evictor-1.0.0.pom
#33 1357.3 [INFO] Downloaded from central: https://repo.maven.apache.org/maven2/com/stoyanr/evictor/1.0.0/evictor-1.0.0.pom (7.8 kB at 25 kB/s)
#33 1357.3 [INFO] Downloading from central: https://repo.maven.apache.org/maven2/org/springframework/spring-web/6.2.8/spring-web-6.2.8.pom
#33 1357.6 [INFO] Downloaded from central: https://repo.maven.apache.org/maven2/org/springframework/spring-web/6.2.8/spring-web-6.2.8.pom (2.4 kB at 8.5 kB/s)
#33 1357.6 [INFO] Downloading from central: https://repo.maven.apache.org/maven2/org/springframework/boot/spring-boot-starter-test/3.5.3/spring-boot-starter-test-3.5.3.pom
#33 1357.9 [INFO] Downloaded from central: https://repo.maven.apache.org/maven2/org/springframework/boot/spring-boot-starter-test/3.5.3/spring-boot-starter-test-3.5.3.pom (4.9 kB at 17 kB/s)
#33 1357.9 [INFO] Downloading from central: https://repo.maven.apache.org/maven2/org/springframework/boot/spring-boot-test/3.5.3/spring-boot-test-3.5.3.pom
#33 1358.2 [INFO] Downloaded from central: https://repo.maven.apache.org/maven2/org/springframework/boot/spring-boot-test/3.5.3/spring-boot-test-3.5.3.pom (2.2 kB at 8.7 kB/s)
#33 1358.2 [INFO] Downloading from central: https://repo.maven.apache.org/maven2/org/springframework/spring-test/6.2.8/spring-test-6.2.8.pom
#33 1358.4 [INFO] Downloaded from central: https://repo.maven.apache.org/maven2/org/springframework/spring-test/6.2.8/spring-test-6.2.8.pom (2.1 kB at 8.2 kB/s)
#33 1358.4 [INFO] Downloading from central: https://repo.maven.apache.org/maven2/org/springframework/boot/spring-boot-test-autoconfigure/3.5.3/spring-boot-test-autoconfigure-3.5.3.pom
#33 1358.7 [INFO] Downloaded from central: https://repo.maven.apache.org/maven2/org/springframework/boot/spring-boot-test-autoconfigure/3.5.3/spring-boot-test-autoconfigure-3.5.3.pom (2.5 kB at 9.7 kB/s)
#33 1358.7 [INFO] Downloading from central: https://repo.maven.apache.org/maven2/com/jayway/jsonpath/json-path/2.9.0/json-path-2.9.0.pom
#33 1359.0 [INFO] Downloaded from central: https://repo.maven.apache.org/maven2/com/jayway/jsonpath/json-path/2.9.0/json-path-2.9.0.pom (1.9 kB at 7.7 kB/s)
#33 1359.0 [INFO] Downloading from central: https://repo.maven.apache.org/maven2/net/minidev/json-smart/2.5.2/json-smart-2.5.2.pom
#33 1359.5 [INFO] Downloaded from central: https://repo.maven.apache.org/maven2/net/minidev/json-smart/2.5.2/json-smart-2.5.2.pom (10 kB at 18 kB/s)
#33 1359.5 [INFO] Downloading from central: https://repo.maven.apache.org/maven2/net/minidev/accessors-smart/2.5.2/accessors-smart-2.5.2.pom
#33 1360.0 [INFO] Downloaded from central: https://repo.maven.apache.org/maven2/net/minidev/accessors-smart/2.5.2/accessors-smart-2.5.2.pom (12 kB at 28 kB/s)
#33 1360.0 [INFO] Downloading from central: https://repo.maven.apache.org/maven2/org/ow2/asm/asm/9.7.1/asm-9.7.1.pom
#33 1360.2 [INFO] Downloaded from central: https://repo.maven.apache.org/maven2/org/ow2/asm/asm/9.7.1/asm-9.7.1.pom (2.4 kB at 9.4 kB/s)
#33 1360.2 [INFO] Downloading from central: https://repo.maven.apache.org/maven2/jakarta/xml/bind/jakarta.xml.bind-api/4.0.2/jakarta.xml.bind-api-4.0.2.pom
#33 1360.6 [INFO] Downloaded from central: https://repo.maven.apache.org/maven2/jakarta/xml/bind/jakarta.xml.bind-api/4.0.2/jakarta.xml.bind-api-4.0.2.pom (13 kB at 32 kB/s)
#33 1360.6 [INFO] Downloading from central: https://repo.maven.apache.org/maven2/jakarta/xml/bind/jakarta.xml.bind-api-parent/4.0.2/jakarta.xml.bind-api-parent-4.0.2.pom
#33 1361.3 [INFO] Downloaded from central: https://repo.maven.apache.org/maven2/jakarta/xml/bind/jakarta.xml.bind-api-parent/4.0.2/jakarta.xml.bind-api-parent-4.0.2.pom (9.1 kB at 14 kB/s)
#33 1361.3 [INFO] Downloading from central: https://repo.maven.apache.org/maven2/jakarta/activation/jakarta.activation-api/2.1.3/jakarta.activation-api-2.1.3.pom
#33 1362.3 [INFO] Downloaded from central: https://repo.maven.apache.org/maven2/jakarta/activation/jakarta.activation-api/2.1.3/jakarta.activation-api-2.1.3.pom (19 kB at 19 kB/s)
#33 1362.3 [INFO] Downloading from central: https://repo.maven.apache.org/maven2/org/assertj/assertj-core/3.22.0/assertj-core-3.22.0.pom
#33 1364.6 [INFO] Downloaded from central: https://repo.maven.apache.org/maven2/org/assertj/assertj-core/3.22.0/assertj-core-3.22.0.pom (31 kB at 13 kB/s)
#33 1364.7 [INFO] Downloading from central: https://repo.maven.apache.org/maven2/org/assertj/assertj-parent-pom/2.2.14/assertj-parent-pom-2.2.14.pom
#33 1366.5 [INFO] Downloaded from central: https://repo.maven.apache.org/maven2/org/assertj/assertj-parent-pom/2.2.14/assertj-parent-pom-2.2.14.pom (25 kB at 13 kB/s)
#33 1366.5 [INFO] Downloading from central: https://repo.maven.apache.org/maven2/org/junit/junit-bom/5.8.2/junit-bom-5.8.2.pom
#33 1367.0 [INFO] Downloaded from central: https://repo.maven.apache.org/maven2/org/junit/junit-bom/5.8.2/junit-bom-5.8.2.pom (5.6 kB at 11 kB/s)
#33 1367.0 [INFO] Downloading from central: https://repo.maven.apache.org/maven2/org/awaitility/awaitility/4.2.2/awaitility-4.2.2.pom
#33 1368.1 [INFO] Downloaded from central: https://repo.maven.apache.org/maven2/org/awaitility/awaitility/4.2.2/awaitility-4.2.2.pom (3.5 kB at 3.3 kB/s)
#33 1368.1 [INFO] Downloading from central: https://repo.maven.apache.org/maven2/org/awaitility/awaitility-parent/4.2.2/awaitility-parent-4.2.2.pom
#33 1369.2 [INFO] Downloaded from central: https://repo.maven.apache.org/maven2/org/awaitility/awaitility-parent/4.2.2/awaitility-parent-4.2.2.pom (11 kB at 9.9 kB/s)
#33 1369.2 [INFO] Downloading from central: https://repo.maven.apache.org/maven2/org/hamcrest/hamcrest/3.0/hamcrest-3.0.pom
#33 1369.5 [INFO] Downloaded from central: https://repo.maven.apache.org/maven2/org/hamcrest/hamcrest/3.0/hamcrest-3.0.pom (1.6 kB at 5.8 kB/s)
#33 1369.5 [INFO] Downloading from central: https://repo.maven.apache.org/maven2/org/junit/jupiter/junit-jupiter/5.12.2/junit-jupiter-5.12.2.pom
#33 1369.9 [INFO] Downloaded from central: https://repo.maven.apache.org/maven2/org/junit/jupiter/junit-jupiter/5.12.2/junit-jupiter-5.12.2.pom (3.2 kB at 8.3 kB/s)
#33 1369.9 [INFO] Downloading from central: https://repo.maven.apache.org/maven2/org/junit/jupiter/junit-jupiter-api/5.12.2/junit-jupiter-api-5.12.2.pom
#33 1370.8 [INFO] Downloaded from central: https://repo.maven.apache.org/maven2/org/junit/jupiter/junit-jupiter-api/5.12.2/junit-jupiter-api-5.12.2.pom (3.2 kB at 3.3 kB/s)
#33 1370.9 [INFO] Downloading from central: https://repo.maven.apache.org/maven2/org/opentest4j/opentest4j/1.3.0/opentest4j-1.3.0.pom
#33 1371.1 [INFO] Downloaded from central: https://repo.maven.apache.org/maven2/org/opentest4j/opentest4j/1.3.0/opentest4j-1.3.0.pom (2.0 kB at 8.0 kB/s)
#33 1371.1 [INFO] Downloading from central: https://repo.maven.apache.org/maven2/org/junit/platform/junit-platform-commons/1.12.2/junit-platform-commons-1.12.2.pom
#33 1371.7 [INFO] Downloaded from central: https://repo.maven.apache.org/maven2/org/junit/platform/junit-platform-commons/1.12.2/junit-platform-commons-1.12.2.pom (2.8 kB at 5.2 kB/s)
#33 1371.7 [INFO] Downloading from central: https://repo.maven.apache.org/maven2/org/apiguardian/apiguardian-api/1.1.2/apiguardian-api-1.1.2.pom
#33 1372.3 [INFO] Downloaded from central: https://repo.maven.apache.org/maven2/org/apiguardian/apiguardian-api/1.1.2/apiguardian-api-1.1.2.pom (1.5 kB at 2.6 kB/s)
#33 1372.3 [INFO] Downloading from central: https://repo.maven.apache.org/maven2/org/junit/jupiter/junit-jupiter-params/5.12.2/junit-jupiter-params-5.12.2.pom
#33 1372.8 [INFO] Downloaded from central: https://repo.maven.apache.org/maven2/org/junit/jupiter/junit-jupiter-params/5.12.2/junit-jupiter-params-5.12.2.pom (3.0 kB at 5.6 kB/s)
#33 1372.8 [INFO] Downloading from central: https://repo.maven.apache.org/maven2/org/junit/jupiter/junit-jupiter-engine/5.12.2/junit-jupiter-engine-5.12.2.pom
#33 1373.4 [INFO] Downloaded from central: https://repo.maven.apache.org/maven2/org/junit/jupiter/junit-jupiter-engine/5.12.2/junit-jupiter-engine-5.12.2.pom (3.2 kB at 5.7 kB/s)
#33 1373.4 [INFO] Downloading from central: https://repo.maven.apache.org/maven2/org/junit/platform/junit-platform-engine/1.12.2/junit-platform-engine-1.12.2.pom
#33 1374.7 [INFO] Downloaded from central: https://repo.maven.apache.org/maven2/org/junit/platform/junit-platform-engine/1.12.2/junit-platform-engine-1.12.2.pom (3.2 kB at 2.4 kB/s)
#33 1374.7 [INFO] Downloading from central: https://repo.maven.apache.org/maven2/org/mockito/mockito-core/4.8.1/mockito-core-4.8.1.pom
#33 1375.3 [INFO] Downloaded from central: https://repo.maven.apache.org/maven2/org/mockito/mockito-core/4.8.1/mockito-core-4.8.1.pom (2.5 kB at 4.5 kB/s)
#33 1375.3 [INFO] Downloading from central: https://repo.maven.apache.org/maven2/net/bytebuddy/byte-buddy/1.17.6/byte-buddy-1.17.6.pom
#33 1377.1 [INFO] Downloaded from central: https://repo.maven.apache.org/maven2/net/bytebuddy/byte-buddy/1.17.6/byte-buddy-1.17.6.pom (19 kB at 10 kB/s)
#33 1377.1 [INFO] Downloading from central: https://repo.maven.apache.org/maven2/net/bytebuddy/byte-buddy-parent/1.17.6/byte-buddy-parent-1.17.6.pom
#33 1382.7 [INFO] Downloaded from central: https://repo.maven.apache.org/maven2/net/bytebuddy/byte-buddy-parent/1.17.6/byte-buddy-parent-1.17.6.pom (65 kB at 12 kB/s)
#33 1382.7 [INFO] Downloading from central: https://repo.maven.apache.org/maven2/net/bytebuddy/byte-buddy-agent/1.17.6/byte-buddy-agent-1.17.6.pom
#33 1384.0 [INFO] Downloaded from central: https://repo.maven.apache.org/maven2/net/bytebuddy/byte-buddy-agent/1.17.6/byte-buddy-agent-1.17.6.pom (14 kB at 11 kB/s)
#33 1384.0 [INFO] Downloading from central: https://repo.maven.apache.org/maven2/org/objenesis/objenesis/3.2/objenesis-3.2.pom
#33 1384.5 [INFO] Downloaded from central: https://repo.maven.apache.org/maven2/org/objenesis/objenesis/3.2/objenesis-3.2.pom (3.0 kB at 5.8 kB/s)
#33 1384.5 [INFO] Downloading from central: https://repo.maven.apache.org/maven2/org/objenesis/objenesis-parent/3.2/objenesis-parent-3.2.pom
#33 1385.9 [INFO] Downloaded from central: https://repo.maven.apache.org/maven2/org/objenesis/objenesis-parent/3.2/objenesis-parent-3.2.pom (18 kB at 14 kB/s)
#33 1385.9 [INFO] Downloading from central: https://repo.maven.apache.org/maven2/org/mockito/mockito-junit-jupiter/5.17.0/mockito-junit-jupiter-5.17.0.pom
#33 1386.1 [INFO] Downloaded from central: https://repo.maven.apache.org/maven2/org/mockito/mockito-junit-jupiter/5.17.0/mockito-junit-jupiter-5.17.0.pom (2.3 kB at 9.0 kB/s)
#33 1386.1 [INFO] Downloading from central: https://repo.maven.apache.org/maven2/org/skyscreamer/jsonassert/1.5.3/jsonassert-1.5.3.pom
#33 1386.8 [INFO] Downloaded from central: https://repo.maven.apache.org/maven2/org/skyscreamer/jsonassert/1.5.3/jsonassert-1.5.3.pom (7.0 kB at 11 kB/s)
#33 1386.8 [INFO] Downloading from central: https://repo.maven.apache.org/maven2/com/vaadin/external/google/android-json/0.0.20131108.vaadin1/android-json-0.0.20131108.vaadin1.pom
#33 1387.2 [INFO] Downloaded from central: https://repo.maven.apache.org/maven2/com/vaadin/external/google/android-json/0.0.20131108.vaadin1/android-json-0.0.20131108.vaadin1.pom (2.8 kB at 8.0 kB/s)
#33 1387.2 [INFO] Downloading from central: https://repo.maven.apache.org/maven2/org/xmlunit/xmlunit-core/2.10.2/xmlunit-core-2.10.2.pom
#33 1387.5 [INFO] Downloaded from central: https://repo.maven.apache.org/maven2/org/xmlunit/xmlunit-core/2.10.2/xmlunit-core-2.10.2.pom (2.4 kB at 6.8 kB/s)
#33 1387.5 [INFO] Downloading from central: https://repo.maven.apache.org/maven2/org/xmlunit/xmlunit-parent/2.10.2/xmlunit-parent-2.10.2.pom
#33 1390.2 [INFO] Downloaded from central: https://repo.maven.apache.org/maven2/org/xmlunit/xmlunit-parent/2.10.2/xmlunit-parent-2.10.2.pom (23 kB at 8.7 kB/s)
#33 1390.4 [INFO] Downloading from central: https://repo.maven.apache.org/maven2/org/powermock/powermock-module-junit4/2.0.9/powermock-module-junit4-2.0.9.pom
#33 1391.3 [INFO] Downloaded from central: https://repo.maven.apache.org/maven2/org/powermock/powermock-module-junit4/2.0.9/powermock-module-junit4-2.0.9.pom (8.0 kB at 8.5 kB/s)
#33 1391.3 [INFO] Downloading from central: https://repo.maven.apache.org/maven2/org/powermock/powermock-module-junit4-common/2.0.9/powermock-module-junit4-common-2.0.9.pom
#33 1392.0 [INFO] Downloaded from central: https://repo.maven.apache.org/maven2/org/powermock/powermock-module-junit4-common/2.0.9/powermock-module-junit4-common-2.0.9.pom (8.2 kB at 13 kB/s)
#33 1392.0 [INFO] Downloading from central: https://repo.maven.apache.org/maven2/org/powermock/powermock-reflect/2.0.9/powermock-reflect-2.0.9.pom
#33 1392.4 [INFO] Downloaded from central: https://repo.maven.apache.org/maven2/org/powermock/powermock-reflect/2.0.9/powermock-reflect-2.0.9.pom (7.9 kB at 17 kB/s)
#33 1392.5 [INFO] Downloading from central: https://repo.maven.apache.org/maven2/org/objenesis/objenesis/3.0.1/objenesis-3.0.1.pom
#33 1392.8 [INFO] Downloaded from central: https://repo.maven.apache.org/maven2/org/objenesis/objenesis/3.0.1/objenesis-3.0.1.pom (3.5 kB at 10.0 kB/s)
#33 1392.8 [INFO] Downloading from central: https://repo.maven.apache.org/maven2/org/objenesis/objenesis-parent/3.0.1/objenesis-parent-3.0.1.pom
#33 1394.0 [INFO] Downloaded from central: https://repo.maven.apache.org/maven2/org/objenesis/objenesis-parent/3.0.1/objenesis-parent-3.0.1.pom (17 kB at 15 kB/s)
#33 1394.0 [INFO] Downloading from central: https://repo.maven.apache.org/maven2/org/powermock/powermock-core/2.0.9/powermock-core-2.0.9.pom
#33 1394.7 [INFO] Downloaded from central: https://repo.maven.apache.org/maven2/org/powermock/powermock-core/2.0.9/powermock-core-2.0.9.pom (8.1 kB at 11 kB/s)
#33 1394.8 [INFO] Downloading from central: https://repo.maven.apache.org/maven2/org/javassist/javassist/3.27.0-GA/javassist-3.27.0-GA.pom
#33 1395.8 [INFO] Downloaded from central: https://repo.maven.apache.org/maven2/org/javassist/javassist/3.27.0-GA/javassist-3.27.0-GA.pom (11 kB at 10.0 kB/s)
#33 1395.9 [INFO] Downloading from central: https://repo.maven.apache.org/maven2/junit/junit/4.13.2/junit-4.13.2.pom
#33 1398.7 [INFO] Downloaded from central: https://repo.maven.apache.org/maven2/junit/junit/4.13.2/junit-4.13.2.pom (27 kB at 9.6 kB/s)
#33 1398.7 [INFO] Downloading from central: https://repo.maven.apache.org/maven2/org/hamcrest/hamcrest-core/3.0/hamcrest-core-3.0.pom
#33 1399.0 [INFO] Downloaded from central: https://repo.maven.apache.org/maven2/org/hamcrest/hamcrest-core/3.0/hamcrest-core-3.0.pom (1.8 kB at 5.6 kB/s)
#33 1399.0 [INFO] Downloading from central: https://repo.maven.apache.org/maven2/org/powermock/powermock-api-mockito2/2.0.9/powermock-api-mockito2-2.0.9.pom
#33 1400.1 [INFO] Downloaded from central: https://repo.maven.apache.org/maven2/org/powermock/powermock-api-mockito2/2.0.9/powermock-api-mockito2-2.0.9.pom (8.0 kB at 7.9 kB/s)
#33 1400.1 [INFO] Downloading from central: https://repo.maven.apache.org/maven2/org/powermock/powermock-api-support/2.0.9/powermock-api-support-2.0.9.pom
#33 1401.1 [INFO] Downloaded from central: https://repo.maven.apache.org/maven2/org/powermock/powermock-api-support/2.0.9/powermock-api-support-2.0.9.pom (7.7 kB at 7.2 kB/s)
#33 1401.1 [INFO] Downloading from central: https://repo.maven.apache.org/maven2/org/springframework/data/spring-data-commons/3.5.1/spring-data-commons-3.5.1.pom
#33 1402.3 [INFO] Downloaded from central: https://repo.maven.apache.org/maven2/org/springframework/data/spring-data-commons/3.5.1/spring-data-commons-3.5.1.pom (9.9 kB at 8.9 kB/s)
#33 1402.3 [INFO] Downloading from central: https://repo.maven.apache.org/maven2/org/springframework/data/build/spring-data-parent/3.5.1/spring-data-parent-3.5.1.pom
#33 1405.0 [INFO] Downloaded from central: https://repo.maven.apache.org/maven2/org/springframework/data/build/spring-data-parent/3.5.1/spring-data-parent-3.5.1.pom (43 kB at 16 kB/s)
#33 1405.1 [INFO] Downloading from central: https://repo.maven.apache.org/maven2/org/springframework/data/build/spring-data-build/3.5.1/spring-data-build-3.5.1.pom
#33 1405.9 [INFO] Downloaded from central: https://repo.maven.apache.org/maven2/org/springframework/data/build/spring-data-build/3.5.1/spring-data-build-3.5.1.pom (7.1 kB at 9.2 kB/s)
#33 1405.9 [INFO] Downloading from central: https://repo.maven.apache.org/maven2/org/jetbrains/kotlinx/kotlinx-coroutines-bom/1.9.0/kotlinx-coroutines-bom-1.9.0.pom
#33 1406.5 [INFO] Downloaded from central: https://repo.maven.apache.org/maven2/org/jetbrains/kotlinx/kotlinx-coroutines-bom/1.9.0/kotlinx-coroutines-bom-1.9.0.pom (4.3 kB at 7.5 kB/s)
#33 1406.5 [INFO] Downloading from central: https://repo.maven.apache.org/maven2/org/springframework/boot/spring-boot-properties-migrator/3.5.3/spring-boot-properties-migrator-3.5.3.pom
#33 1407.1 [INFO] Downloaded from central: https://repo.maven.apache.org/maven2/org/springframework/boot/spring-boot-properties-migrator/3.5.3/spring-boot-properties-migrator-3.5.3.pom (2.3 kB at 3.8 kB/s)
#33 1407.1 [INFO] Downloading from central: https://repo.maven.apache.org/maven2/org/springframework/boot/spring-boot-configuration-metadata/3.5.3/spring-boot-configuration-metadata-3.5.3.pom
#33 1407.6 [INFO] Downloaded from central: https://repo.maven.apache.org/maven2/org/springframework/boot/spring-boot-configuration-metadata/3.5.3/spring-boot-configuration-metadata-3.5.3.pom (2.1 kB at 3.7 kB/s)
#33 1407.7 [INFO] Downloading from central: https://repo.maven.apache.org/maven2/org/springframework/boot/spring-boot-starter-validation/3.5.3/spring-boot-starter-validation-3.5.3.jar
#33 1409.1 [INFO] Downloaded from central: https://repo.maven.apache.org/maven2/org/springframework/boot/spring-boot-starter-validation/3.5.3/spring-boot-starter-validation-3.5.3.jar (4.8 kB at 3.5 kB/s)
#33 1409.1 [INFO] Downloading from central: https://repo.maven.apache.org/maven2/org/springframework/boot/spring-boot-starter/3.5.3/spring-boot-starter-3.5.3.jar
#33 1409.1 [INFO] Downloading from central: https://repo.maven.apache.org/maven2/org/springframework/boot/spring-boot-autoconfigure/3.5.3/spring-boot-autoconfigure-3.5.3.jar
#33 1409.1 [INFO] Downloading from central: https://repo.maven.apache.org/maven2/org/springframework/boot/spring-boot-starter-logging/3.5.3/spring-boot-starter-logging-3.5.3.jar
#33 1409.1 [INFO] Downloading from central: https://repo.maven.apache.org/maven2/ch/qos/logback/logback-classic/1.5.18/logback-classic-1.5.18.jar
#33 1409.1 [INFO] Downloading from central: https://repo.maven.apache.org/maven2/ch/qos/logback/logback-core/1.5.18/logback-core-1.5.18.jar
#33 1409.7 [INFO] Downloaded from central: https://repo.maven.apache.org/maven2/org/springframework/boot/spring-boot-starter/3.5.3/spring-boot-starter-3.5.3.jar (4.8 kB at 7.3 kB/s)
#33 1409.7 [INFO] Downloading from central: https://repo.maven.apache.org/maven2/org/apache/logging/log4j/log4j-to-slf4j/2.24.3/log4j-to-slf4j-2.24.3.jar
#33 1411.2 [INFO] Downloaded from central: https://repo.maven.apache.org/maven2/org/springframework/boot/spring-boot-starter-logging/3.5.3/spring-boot-starter-logging-3.5.3.jar (4.8 kB at 2.3 kB/s)
#33 1411.2 [INFO] Downloading from central: https://repo.maven.apache.org/maven2/org/apache/logging/log4j/log4j-api/2.24.3/log4j-api-2.24.3.jar
#33 1413.4 [INFO] Downloaded from central: https://repo.maven.apache.org/maven2/org/apache/logging/log4j/log4j-to-slf4j/2.24.3/log4j-to-slf4j-2.24.3.jar (24 kB at 5.6 kB/s)
#33 1413.4 [INFO] Downloading from central: https://repo.maven.apache.org/maven2/org/slf4j/jul-to-slf4j/2.0.17/jul-to-slf4j-2.0.17.jar
#33 1414.3 [INFO] Downloaded from central: https://repo.maven.apache.org/maven2/org/slf4j/jul-to-slf4j/2.0.17/jul-to-slf4j-2.0.17.jar (6.3 kB at 1.2 kB/s)
#33 1414.3 [INFO] Downloading from central: https://repo.maven.apache.org/maven2/org/apache/tomcat/embed/tomcat-embed-el/10.1.42/tomcat-embed-el-10.1.42.jar
#33 1419.0 [INFO] Downloaded from central: https://repo.maven.apache.org/maven2/ch/qos/logback/logback-classic/1.5.18/logback-classic-1.5.18.jar (307 kB at 31 kB/s)
#33 1419.0 [INFO] Downloading from central: https://repo.maven.apache.org/maven2/org/hibernate/validator/hibernate-validator/8.0.2.Final/hibernate-validator-8.0.2.Final.jar
#33 1424.2 [INFO] Downloaded from central: https://repo.maven.apache.org/maven2/org/apache/logging/log4j/log4j-api/2.24.3/log4j-api-2.24.3.jar (349 kB at 23 kB/s)
#33 1424.2 [INFO] Downloading from central: https://repo.maven.apache.org/maven2/jakarta/validation/jakarta.validation-api/3.0.2/jakarta.validation-api-3.0.2.jar
#33 1432.3 [INFO] Downloaded from central: https://repo.maven.apache.org/maven2/jakarta/validation/jakarta.validation-api/3.0.2/jakarta.validation-api-3.0.2.jar (93 kB at 4.0 kB/s)
#33 1432.3 [INFO] Downloading from central: https://repo.maven.apache.org/maven2/org/jboss/logging/jboss-logging/3.6.1.Final/jboss-logging-3.6.1.Final.jar
#33 1436.7 [INFO] Downloaded from central: https://repo.maven.apache.org/maven2/org/jboss/logging/jboss-logging/3.6.1.Final/jboss-logging-3.6.1.Final.jar (62 kB at 2.2 kB/s)
#33 1436.7 [INFO] Downloading from central: https://repo.maven.apache.org/maven2/com/fasterxml/classmate/1.7.0/classmate-1.7.0.jar
#33 1438.4 [INFO] Downloaded from central: https://repo.maven.apache.org/maven2/org/apache/tomcat/embed/tomcat-embed-el/10.1.42/tomcat-embed-el-10.1.42.jar (266 kB at 9.1 kB/s)
#33 1438.4 [INFO] Downloading from central: https://repo.maven.apache.org/maven2/org/projectlombok/lombok/1.18.36/lombok-1.18.36.jar
#33 1442.6 [INFO] Downloaded from central: https://repo.maven.apache.org/maven2/com/fasterxml/classmate/1.7.0/classmate-1.7.0.jar (69 kB at 2.1 kB/s)
#33 1442.6 [INFO] Downloading from central: https://repo.maven.apache.org/maven2/com/alibaba/fastjson/1.2.83/fastjson-1.2.83.jar
#33 1449.5 [INFO] Downloaded from central: https://repo.maven.apache.org/maven2/ch/qos/logback/logback-core/1.5.18/logback-core-1.5.18.jar (627 kB at 16 kB/s)
#33 1449.5 [INFO] Downloading from central: https://repo.maven.apache.org/maven2/org/apache/commons/commons-lang3/3.17.0/commons-lang3-3.17.0.jar
#33 1500.3 [INFO] Downloaded from central: https://repo.maven.apache.org/maven2/org/apache/commons/commons-lang3/3.17.0/commons-lang3-3.17.0.jar (674 kB at 7.4 kB/s)
#33 1500.3 [INFO] Downloading from central: https://repo.maven.apache.org/maven2/cn/hutool/hutool-all/5.8.12/hutool-all-5.8.12.jar
#33 1505.0 [INFO] Downloaded from central: https://repo.maven.apache.org/maven2/com/alibaba/fastjson/1.2.83/fastjson-1.2.83.jar (672 kB at 7.0 kB/s)
#33 1505.0 [INFO] Downloading from central: https://repo.maven.apache.org/maven2/com/alibaba/cloud/spring-cloud-starter-alibaba-nacos-config/2022.0.0.0/spring-cloud-starter-alibaba-nacos-config-2022.0.0.0.jar
#33 1511.8 [INFO] Downloaded from central: https://repo.maven.apache.org/maven2/com/alibaba/cloud/spring-cloud-starter-alibaba-nacos-config/2022.0.0.0/spring-cloud-starter-alibaba-nacos-config-2022.0.0.0.jar (81 kB at 789 B/s)
#33 1511.8 [INFO] Downloading from central: https://repo.maven.apache.org/maven2/com/alibaba/cloud/spring-cloud-alibaba-commons/2022.0.0.0/spring-cloud-alibaba-commons-2022.0.0.0.jar
#33 1512.9 [INFO] Downloaded from central: https://repo.maven.apache.org/maven2/com/alibaba/cloud/spring-cloud-alibaba-commons/2022.0.0.0/spring-cloud-alibaba-commons-2022.0.0.0.jar (10 kB at 97 B/s)
#33 1512.9 [INFO] Downloading from central: https://repo.maven.apache.org/maven2/com/alibaba/spring/spring-context-support/1.0.11/spring-context-support-1.0.11.jar
#33 1519.0 [INFO] Downloaded from central: https://repo.maven.apache.org/maven2/com/alibaba/spring/spring-context-support/1.0.11/spring-context-support-1.0.11.jar (78 kB at 714 B/s)
#33 1519.0 [INFO] Downloading from central: https://repo.maven.apache.org/maven2/com/alibaba/nacos/nacos-client/2.2.1/nacos-client-2.2.1.jar
#33 1524.3 [INFO] Downloaded from central: https://repo.maven.apache.org/maven2/org/hibernate/validator/hibernate-validator/8.0.2.Final/hibernate-validator-8.0.2.Final.jar (1.3 MB at 12 kB/s)
#33 1524.3 [INFO] Downloading from central: https://repo.maven.apache.org/maven2/com/alibaba/nacos/nacos-auth-plugin/2.2.1/nacos-auth-plugin-2.2.1.jar
#33 1525.3 [INFO] Downloaded from central: https://repo.maven.apache.org/maven2/com/alibaba/nacos/nacos-auth-plugin/2.2.1/nacos-auth-plugin-2.2.1.jar (18 kB at 153 B/s)
#33 1525.3 [INFO] Downloading from central: https://repo.maven.apache.org/maven2/com/alibaba/nacos/nacos-encryption-plugin/2.2.1/nacos-encryption-plugin-2.2.1.jar
#33 1525.8 [INFO] Downloaded from central: https://repo.maven.apache.org/maven2/com/alibaba/nacos/nacos-encryption-plugin/2.2.1/nacos-encryption-plugin-2.2.1.jar (6.8 kB at 58 B/s)
#33 1525.8 [INFO] Downloading from central: https://repo.maven.apache.org/maven2/commons-codec/commons-codec/1.18.0/commons-codec-1.18.0.jar
#33 1550.3 [INFO] Downloaded from central: https://repo.maven.apache.org/maven2/cn/hutool/hutool-all/5.8.12/hutool-all-5.8.12.jar (2.5 MB at 18 kB/s)
#33 1550.3 [INFO] Downloading from central: https://repo.maven.apache.org/maven2/com/fasterxml/jackson/core/jackson-core/2.19.1/jackson-core-2.19.1.jar
#33 1551.0 [INFO] Downloaded from central: https://repo.maven.apache.org/maven2/com/fasterxml/jackson/core/jackson-core/2.19.1/jackson-core-2.19.1.jar (591 kB at 4.2 kB/s)
#33 1551.0 [INFO] Downloading from central: https://repo.maven.apache.org/maven2/com/fasterxml/jackson/core/jackson-databind/2.19.1/jackson-databind-2.19.1.jar
#33 1552.6 [INFO] Downloaded from central: https://repo.maven.apache.org/maven2/com/fasterxml/jackson/core/jackson-databind/2.19.1/jackson-databind-2.19.1.jar (1.7 MB at 12 kB/s)
#33 1552.6 [INFO] Downloading from central: https://repo.maven.apache.org/maven2/com/fasterxml/jackson/core/jackson-annotations/2.19.1/jackson-annotations-2.19.1.jar
#33 1552.7 [INFO] Downloaded from central: https://repo.maven.apache.org/maven2/com/fasterxml/jackson/core/jackson-annotations/2.19.1/jackson-annotations-2.19.1.jar (78 kB at 546 B/s)
#33 1552.7 [INFO] Downloading from central: https://repo.maven.apache.org/maven2/org/apache/httpcomponents/httpasyncclient/4.1.5/httpasyncclient-4.1.5.jar
#33 1552.9 [INFO] Downloaded from central: https://repo.maven.apache.org/maven2/org/apache/httpcomponents/httpasyncclient/4.1.5/httpasyncclient-4.1.5.jar (182 kB at 1.3 kB/s)
#33 1552.9 [INFO] Downloading from central: https://repo.maven.apache.org/maven2/org/apache/httpcomponents/httpcore/4.4.16/httpcore-4.4.16.jar
#33 1553.2 [INFO] Downloaded from central: https://repo.maven.apache.org/maven2/org/apache/httpcomponents/httpcore/4.4.16/httpcore-4.4.16.jar (328 kB at 2.3 kB/s)
#33 1553.2 [INFO] Downloading from central: https://repo.maven.apache.org/maven2/org/apache/httpcomponents/httpcore-nio/4.4.16/httpcore-nio-4.4.16.jar
#33 1553.5 [INFO] Downloaded from central: https://repo.maven.apache.org/maven2/org/apache/httpcomponents/httpcore-nio/4.4.16/httpcore-nio-4.4.16.jar (369 kB at 2.6 kB/s)
#33 1553.5 [INFO] Downloading from central: https://repo.maven.apache.org/maven2/io/prometheus/simpleclient/0.16.0/simpleclient-0.16.0.jar
#33 1553.7 [INFO] Downloaded from central: https://repo.maven.apache.org/maven2/io/prometheus/simpleclient/0.16.0/simpleclient-0.16.0.jar (90 kB at 625 B/s)
#33 1553.7 [INFO] Downloading from central: https://repo.maven.apache.org/maven2/io/prometheus/simpleclient_tracer_otel/0.16.0/simpleclient_tracer_otel-0.16.0.jar
#33 1553.7 [INFO] Downloaded from central: https://repo.maven.apache.org/maven2/io/prometheus/simpleclient_tracer_otel/0.16.0/simpleclient_tracer_otel-0.16.0.jar (4.3 kB at 29 B/s)
#33 1553.7 [INFO] Downloading from central: https://repo.maven.apache.org/maven2/io/prometheus/simpleclient_tracer_common/0.16.0/simpleclient_tracer_common-0.16.0.jar
#33 1553.8 [INFO] Downloaded from central: https://repo.maven.apache.org/maven2/io/prometheus/simpleclient_tracer_common/0.16.0/simpleclient_tracer_common-0.16.0.jar (3.4 kB at 23 B/s)
#33 1553.8 [INFO] Downloading from central: https://repo.maven.apache.org/maven2/io/prometheus/simpleclient_tracer_otel_agent/0.16.0/simpleclient_tracer_otel_agent-0.16.0.jar
#33 1553.9 [INFO] Downloaded from central: https://repo.maven.apache.org/maven2/io/prometheus/simpleclient_tracer_otel_agent/0.16.0/simpleclient_tracer_otel_agent-0.16.0.jar (4.6 kB at 31 B/s)
#33 1553.9 [INFO] Downloading from central: https://repo.maven.apache.org/maven2/org/springframework/cloud/spring-cloud-commons/4.3.0/spring-cloud-commons-4.3.0.jar
#33 1554.0 [INFO] Downloaded from central: https://repo.maven.apache.org/maven2/commons-codec/commons-codec/1.18.0/commons-codec-1.18.0.jar (373 kB at 2.6 kB/s)
#33 1554.0 [INFO] Downloading from central: https://repo.maven.apache.org/maven2/org/springframework/security/spring-security-crypto/6.5.1/spring-security-crypto-6.5.1.jar
#33 1554.1 [INFO] Downloaded from central: https://repo.maven.apache.org/maven2/org/springframework/cloud/spring-cloud-commons/4.3.0/spring-cloud-commons-4.3.0.jar (268 kB at 1.8 kB/s)
#33 1554.1 [INFO] Downloading from central: https://repo.maven.apache.org/maven2/org/springframework/cloud/spring-cloud-context/4.3.0/spring-cloud-context-4.3.0.jar
#33 1554.3 [INFO] Downloaded from central: https://repo.maven.apache.org/maven2/org/springframework/cloud/spring-cloud-context/4.3.0/spring-cloud-context-4.3.0.jar (189 kB at 1.3 kB/s)
#33 1554.3 [INFO] Downloading from central: https://repo.maven.apache.org/maven2/org/slf4j/slf4j-api/2.0.17/slf4j-api-2.0.17.jar
#33 1554.4 [INFO] Downloaded from central: https://repo.maven.apache.org/maven2/org/slf4j/slf4j-api/2.0.17/slf4j-api-2.0.17.jar (70 kB at 481 B/s)
#33 1554.4 [INFO] Downloading from central: https://repo.maven.apache.org/maven2/jakarta/annotation/jakarta.annotation-api/2.1.1/jakarta.annotation-api-2.1.1.jar
#33 1554.5 [INFO] Downloaded from central: https://repo.maven.apache.org/maven2/jakarta/annotation/jakarta.annotation-api/2.1.1/jakarta.annotation-api-2.1.1.jar (26 kB at 179 B/s)
#33 1554.5 [INFO] Downloading from central: https://repo.maven.apache.org/maven2/com/alibaba/cloud/spring-cloud-starter-alibaba-nacos-discovery/2022.0.0.0/spring-cloud-starter-alibaba-nacos-discovery-2022.0.0.0.jar
#33 1554.6 [INFO] Downloaded from central: https://repo.maven.apache.org/maven2/com/alibaba/cloud/spring-cloud-starter-alibaba-nacos-discovery/2022.0.0.0/spring-cloud-starter-alibaba-nacos-discovery-2022.0.0.0.jar (77 kB at 527 B/s)
#33 1554.6 [INFO] Downloading from central: https://repo.maven.apache.org/maven2/org/springframework/boot/spring-boot-starter-actuator/3.5.3/spring-boot-starter-actuator-3.5.3.jar
#33 1554.6 [INFO] Downloaded from central: https://repo.maven.apache.org/maven2/org/springframework/boot/spring-boot-starter-actuator/3.5.3/spring-boot-starter-actuator-3.5.3.jar (4.8 kB at 33 B/s)
#33 1554.6 [INFO] Downloading from central: https://repo.maven.apache.org/maven2/org/springframework/boot/spring-boot-actuator-autoconfigure/3.5.3/spring-boot-actuator-autoconfigure-3.5.3.jar
#33 1555.2 [INFO] Downloaded from central: https://repo.maven.apache.org/maven2/org/springframework/boot/spring-boot-actuator-autoconfigure/3.5.3/spring-boot-actuator-autoconfigure-3.5.3.jar (835 kB at 5.7 kB/s)
#33 1555.2 [INFO] Downloading from central: https://repo.maven.apache.org/maven2/org/springframework/boot/spring-boot-actuator/3.5.3/spring-boot-actuator-3.5.3.jar
#33 1555.7 [INFO] Downloaded from central: https://repo.maven.apache.org/maven2/org/springframework/boot/spring-boot-actuator/3.5.3/spring-boot-actuator-3.5.3.jar (704 kB at 4.8 kB/s)
#33 1555.7 [INFO] Downloading from central: https://repo.maven.apache.org/maven2/com/fasterxml/jackson/datatype/jackson-datatype-jsr310/2.19.1/jackson-datatype-jsr310-2.19.1.jar
#33 1555.8 [INFO] Downloaded from central: https://repo.maven.apache.org/maven2/com/fasterxml/jackson/datatype/jackson-datatype-jsr310/2.19.1/jackson-datatype-jsr310-2.19.1.jar (137 kB at 933 B/s)
#33 1555.9 [INFO] Downloading from central: https://repo.maven.apache.org/maven2/io/micrometer/micrometer-observation/1.15.1/micrometer-observation-1.15.1.jar
#33 1555.9 [INFO] Downloaded from central: https://repo.maven.apache.org/maven2/org/springframework/boot/spring-boot-autoconfigure/3.5.3/spring-boot-autoconfigure-3.5.3.jar (2.1 MB at 14 kB/s)
#33 1555.9 [INFO] Downloading from central: https://repo.maven.apache.org/maven2/io/micrometer/micrometer-commons/1.15.1/micrometer-commons-1.15.1.jar
#33 1556.0 [INFO] Downloaded from central: https://repo.maven.apache.org/maven2/io/micrometer/micrometer-observation/1.15.1/micrometer-observation-1.15.1.jar (75 kB at 511 B/s)
#33 1556.0 [INFO] Downloading from central: https://repo.maven.apache.org/maven2/io/micrometer/micrometer-jakarta9/1.15.1/micrometer-jakarta9-1.15.1.jar
#33 1556.0 [INFO] Downloaded from central: https://repo.maven.apache.org/maven2/io/micrometer/micrometer-jakarta9/1.15.1/micrometer-jakarta9-1.15.1.jar (33 kB at 223 B/s)
#33 1556.0 [INFO] Downloading from central: https://repo.maven.apache.org/maven2/io/micrometer/micrometer-core/1.15.1/micrometer-core-1.15.1.jar
#33 1556.5 [INFO] Downloaded from central: https://repo.maven.apache.org/maven2/io/micrometer/micrometer-core/1.15.1/micrometer-core-1.15.1.jar (864 kB at 5.9 kB/s)
#33 1556.5 [INFO] Downloading from central: https://repo.maven.apache.org/maven2/org/hdrhistogram/HdrHistogram/2.2.2/HdrHistogram-2.2.2.jar
#33 1556.7 [INFO] Downloaded from central: https://repo.maven.apache.org/maven2/org/hdrhistogram/HdrHistogram/2.2.2/HdrHistogram-2.2.2.jar (177 kB at 1.2 kB/s)
#33 1556.7 [INFO] Downloading from central: https://repo.maven.apache.org/maven2/org/latencyutils/LatencyUtils/2.0.3/LatencyUtils-2.0.3.jar
#33 1556.8 [INFO] Downloaded from central: https://repo.maven.apache.org/maven2/org/latencyutils/LatencyUtils/2.0.3/LatencyUtils-2.0.3.jar (30 kB at 201 B/s)
#33 1556.8 [INFO] Downloading from central: https://repo.maven.apache.org/maven2/org/springframework/boot/spring-boot-configuration-processor/3.5.3/spring-boot-configuration-processor-3.5.3.jar
#33 1556.9 [INFO] Downloaded from central: https://repo.maven.apache.org/maven2/org/springframework/boot/spring-boot-configuration-processor/3.5.3/spring-boot-configuration-processor-3.5.3.jar (135 kB at 916 B/s)
#33 1556.9 [INFO] Downloading from central: https://repo.maven.apache.org/maven2/org/springframework/cloud/spring-cloud-starter-loadbalancer/4.3.0/spring-cloud-starter-loadbalancer-4.3.0.jar
#33 1557.0 [INFO] Downloaded from central: https://repo.maven.apache.org/maven2/org/springframework/cloud/spring-cloud-starter-loadbalancer/4.3.0/spring-cloud-starter-loadbalancer-4.3.0.jar (2.6 kB at 17 B/s)
#33 1557.0 [INFO] Downloading from central: https://repo.maven.apache.org/maven2/org/springframework/cloud/spring-cloud-starter/4.3.0/spring-cloud-starter-4.3.0.jar
#33 1557.0 [INFO] Downloaded from central: https://repo.maven.apache.org/maven2/org/springframework/cloud/spring-cloud-starter/4.3.0/spring-cloud-starter-4.3.0.jar (2.5 kB at 16 B/s)
#33 1557.0 [INFO] Downloading from central: https://repo.maven.apache.org/maven2/org/bouncycastle/bcprov-jdk18on/1.80/bcprov-jdk18on-1.80.jar
#33 1559.1 [INFO] Downloaded from central: https://repo.maven.apache.org/maven2/io/micrometer/micrometer-commons/1.15.1/micrometer-commons-1.15.1.jar (49 kB at 328 B/s)
#33 1559.1 [INFO] Downloading from central: https://repo.maven.apache.org/maven2/org/springframework/cloud/spring-cloud-loadbalancer/4.3.0/spring-cloud-loadbalancer-4.3.0.jar
#33 1559.4 [INFO] Downloaded from central: https://repo.maven.apache.org/maven2/org/bouncycastle/bcprov-jdk18on/1.80/bcprov-jdk18on-1.80.jar (8.7 MB at 58 kB/s)
#33 1559.4 [INFO] Downloading from central: https://repo.maven.apache.org/maven2/io/projectreactor/reactor-core/3.7.7/reactor-core-3.7.7.jar
#33 1559.7 [INFO] Downloaded from central: https://repo.maven.apache.org/maven2/io/projectreactor/reactor-core/3.7.7/reactor-core-3.7.7.jar (1.9 MB at 13 kB/s)
#33 1559.7 [INFO] Downloading from central: https://repo.maven.apache.org/maven2/org/reactivestreams/reactive-streams/1.0.4/reactive-streams-1.0.4.jar
#33 1559.8 [INFO] Downloaded from central: https://repo.maven.apache.org/maven2/org/reactivestreams/reactive-streams/1.0.4/reactive-streams-1.0.4.jar (12 kB at 77 B/s)
#33 1559.8 [INFO] Downloading from central: https://repo.maven.apache.org/maven2/io/projectreactor/addons/reactor-extra/3.5.2/reactor-extra-3.5.2.jar
#33 1559.9 [INFO] Downloaded from central: https://repo.maven.apache.org/maven2/io/projectreactor/addons/reactor-extra/3.5.2/reactor-extra-3.5.2.jar (104 kB at 692 B/s)
#33 1559.9 [INFO] Downloading from central: https://repo.maven.apache.org/maven2/org/springframework/boot/spring-boot-starter-cache/3.5.3/spring-boot-starter-cache-3.5.3.jar
#33 1560.0 [INFO] Downloaded from central: https://repo.maven.apache.org/maven2/org/springframework/boot/spring-boot-starter-cache/3.5.3/spring-boot-starter-cache-3.5.3.jar (4.8 kB at 31 B/s)
#33 1560.0 [INFO] Downloading from central: https://repo.maven.apache.org/maven2/org/springframework/spring-context-support/6.2.8/spring-context-support-6.2.8.jar
#33 1560.0 [INFO] Downloaded from central: https://repo.maven.apache.org/maven2/org/springframework/spring-context-support/6.2.8/spring-context-support-6.2.8.jar (175 kB at 1.2 kB/s)
#33 1560.0 [INFO] Downloading from central: https://repo.maven.apache.org/maven2/com/stoyanr/evictor/1.0.0/evictor-1.0.0.jar
#33 1560.1 [INFO] Downloaded from central: https://repo.maven.apache.org/maven2/com/stoyanr/evictor/1.0.0/evictor-1.0.0.jar (29 kB at 190 B/s)
#33 1560.1 [INFO] Downloading from central: https://repo.maven.apache.org/maven2/org/springframework/spring-web/6.2.8/spring-web-6.2.8.jar
#33 1560.5 [INFO] Downloaded from central: https://repo.maven.apache.org/maven2/org/springframework/spring-web/6.2.8/spring-web-6.2.8.jar (2.1 MB at 14 kB/s)
#33 1560.5 [INFO] Downloading from central: https://repo.maven.apache.org/maven2/org/springframework/spring-beans/6.2.8/spring-beans-6.2.8.jar
#33 1560.7 [INFO] Downloaded from central: https://repo.maven.apache.org/maven2/org/springframework/spring-beans/6.2.8/spring-beans-6.2.8.jar (887 kB at 5.8 kB/s)
#33 1560.7 [INFO] Downloading from central: https://repo.maven.apache.org/maven2/org/springframework/spring-core/6.2.8/spring-core-6.2.8.jar
#33 1561.1 [INFO] Downloaded from central: https://repo.maven.apache.org/maven2/org/springframework/spring-core/6.2.8/spring-core-6.2.8.jar (2.0 MB at 13 kB/s)
#33 1561.1 [INFO] Downloading from central: https://repo.maven.apache.org/maven2/org/springframework/spring-jcl/6.2.8/spring-jcl-6.2.8.jar
#33 1561.1 [INFO] Downloaded from central: https://repo.maven.apache.org/maven2/org/springframework/spring-jcl/6.2.8/spring-jcl-6.2.8.jar (25 kB at 161 B/s)
#33 1561.1 [INFO] Downloading from central: https://repo.maven.apache.org/maven2/org/yaml/snakeyaml/2.0/snakeyaml-2.0.jar
#33 1561.2 [INFO] Downloaded from central: https://repo.maven.apache.org/maven2/org/yaml/snakeyaml/2.0/snakeyaml-2.0.jar (335 kB at 2.2 kB/s)
#33 1561.2 [INFO] Downloading from central: https://repo.maven.apache.org/maven2/org/springframework/boot/spring-boot-starter-test/3.5.3/spring-boot-starter-test-3.5.3.jar
#33 1561.3 [INFO] Downloaded from central: https://repo.maven.apache.org/maven2/org/springframework/boot/spring-boot-starter-test/3.5.3/spring-boot-starter-test-3.5.3.jar (4.8 kB at 31 B/s)
#33 1561.3 [INFO] Downloading from central: https://repo.maven.apache.org/maven2/org/springframework/boot/spring-boot-test/3.5.3/spring-boot-test-3.5.3.jar
#33 1561.4 [INFO] Downloaded from central: https://repo.maven.apache.org/maven2/org/springframework/boot/spring-boot-test/3.5.3/spring-boot-test-3.5.3.jar (257 kB at 1.7 kB/s)
#33 1561.4 [INFO] Downloading from central: https://repo.maven.apache.org/maven2/org/springframework/boot/spring-boot-test-autoconfigure/3.5.3/spring-boot-test-autoconfigure-3.5.3.jar
#33 1561.5 [INFO] Downloaded from central: https://repo.maven.apache.org/maven2/org/springframework/boot/spring-boot-test-autoconfigure/3.5.3/spring-boot-test-autoconfigure-3.5.3.jar (227 kB at 1.5 kB/s)
#33 1561.5 [INFO] Downloading from central: https://repo.maven.apache.org/maven2/com/jayway/jsonpath/json-path/2.9.0/json-path-2.9.0.jar
#33 1561.6 [INFO] Downloaded from central: https://repo.maven.apache.org/maven2/com/jayway/jsonpath/json-path/2.9.0/json-path-2.9.0.jar (277 kB at 1.8 kB/s)
#33 1561.6 [INFO] Downloading from central: https://repo.maven.apache.org/maven2/jakarta/xml/bind/jakarta.xml.bind-api/4.0.2/jakarta.xml.bind-api-4.0.2.jar
#33 1561.7 [INFO] Downloaded from central: https://repo.maven.apache.org/maven2/jakarta/xml/bind/jakarta.xml.bind-api/4.0.2/jakarta.xml.bind-api-4.0.2.jar (131 kB at 858 B/s)
#33 1561.7 [INFO] Downloading from central: https://repo.maven.apache.org/maven2/jakarta/activation/jakarta.activation-api/2.1.3/jakarta.activation-api-2.1.3.jar
#33 1561.7 [INFO] Downloaded from central: https://repo.maven.apache.org/maven2/jakarta/activation/jakarta.activation-api/2.1.3/jakarta.activation-api-2.1.3.jar (67 kB at 435 B/s)
#33 1561.7 [INFO] Downloading from central: https://repo.maven.apache.org/maven2/net/minidev/json-smart/2.5.2/json-smart-2.5.2.jar
#33 1561.8 [INFO] Downloaded from central: https://repo.maven.apache.org/maven2/org/springframework/security/spring-security-crypto/6.5.1/spring-security-crypto-6.5.1.jar (101 kB at 660 B/s)
#33 1561.8 [INFO] Downloading from central: https://repo.maven.apache.org/maven2/net/minidev/accessors-smart/2.5.2/accessors-smart-2.5.2.jar
#33 1561.8 [INFO] Downloaded from central: https://repo.maven.apache.org/maven2/net/minidev/json-smart/2.5.2/json-smart-2.5.2.jar (122 kB at 801 B/s)
#33 1561.8 [INFO] Downloading from central: https://repo.maven.apache.org/maven2/org/ow2/asm/asm/9.7.1/asm-9.7.1.jar
#33 1561.9 [INFO] Downloaded from central: https://repo.maven.apache.org/maven2/org/ow2/asm/asm/9.7.1/asm-9.7.1.jar (126 kB at 825 B/s)
#33 1561.9 [INFO] Downloading from central: https://repo.maven.apache.org/maven2/org/assertj/assertj-core/3.22.0/assertj-core-3.22.0.jar
#33 1562.6 [INFO] Downloaded from central: https://repo.maven.apache.org/maven2/org/assertj/assertj-core/3.22.0/assertj-core-3.22.0.jar (5.2 MB at 34 kB/s)
#33 1562.6 [INFO] Downloading from central: https://repo.maven.apache.org/maven2/org/awaitility/awaitility/4.2.2/awaitility-4.2.2.jar
#33 1562.6 [INFO] Downloaded from central: https://repo.maven.apache.org/maven2/org/awaitility/awaitility/4.2.2/awaitility-4.2.2.jar (97 kB at 633 B/s)
#33 1562.6 [INFO] Downloading from central: https://repo.maven.apache.org/maven2/org/hamcrest/hamcrest/3.0/hamcrest-3.0.jar
#33 1562.7 [INFO] Downloaded from central: https://repo.maven.apache.org/maven2/org/hamcrest/hamcrest/3.0/hamcrest-3.0.jar (126 kB at 822 B/s)
#33 1562.7 [INFO] Downloading from central: https://repo.maven.apache.org/maven2/org/junit/jupiter/junit-jupiter/5.12.2/junit-jupiter-5.12.2.jar
#33 1562.8 [INFO] Downloaded from central: https://repo.maven.apache.org/maven2/org/junit/jupiter/junit-jupiter/5.12.2/junit-jupiter-5.12.2.jar (6.4 kB at 41 B/s)
#33 1562.8 [INFO] Downloading from central: https://repo.maven.apache.org/maven2/org/junit/jupiter/junit-jupiter-api/5.12.2/junit-jupiter-api-5.12.2.jar
#33 1562.9 [INFO] Downloaded from central: https://repo.maven.apache.org/maven2/org/junit/jupiter/junit-jupiter-api/5.12.2/junit-jupiter-api-5.12.2.jar (233 kB at 1.5 kB/s)
#33 1562.9 [INFO] Downloading from central: https://repo.maven.apache.org/maven2/org/opentest4j/opentest4j/1.3.0/opentest4j-1.3.0.jar
#33 1562.9 [INFO] Downloaded from central: https://repo.maven.apache.org/maven2/org/opentest4j/opentest4j/1.3.0/opentest4j-1.3.0.jar (14 kB at 92 B/s)
#33 1562.9 [INFO] Downloading from central: https://repo.maven.apache.org/maven2/org/junit/platform/junit-platform-commons/1.12.2/junit-platform-commons-1.12.2.jar
#33 1563.0 [INFO] Downloaded from central: https://repo.maven.apache.org/maven2/org/junit/platform/junit-platform-commons/1.12.2/junit-platform-commons-1.12.2.jar (152 kB at 986 B/s)
#33 1563.0 [INFO] Downloading from central: https://repo.maven.apache.org/maven2/org/apiguardian/apiguardian-api/1.1.2/apiguardian-api-1.1.2.jar
#33 1563.1 [INFO] Downloaded from central: https://repo.maven.apache.org/maven2/org/apiguardian/apiguardian-api/1.1.2/apiguardian-api-1.1.2.jar (6.8 kB at 44 B/s)
#33 1563.1 [INFO] Downloading from central: https://repo.maven.apache.org/maven2/org/junit/jupiter/junit-jupiter-params/5.12.2/junit-jupiter-params-5.12.2.jar
#33 1563.2 [INFO] Downloaded from central: https://repo.maven.apache.org/maven2/org/junit/jupiter/junit-jupiter-params/5.12.2/junit-jupiter-params-5.12.2.jar (602 kB at 3.9 kB/s)
#33 1563.2 [INFO] Downloading from central: https://repo.maven.apache.org/maven2/org/junit/jupiter/junit-jupiter-engine/5.12.2/junit-jupiter-engine-5.12.2.jar
#33 1563.4 [INFO] Downloaded from central: https://repo.maven.apache.org/maven2/org/junit/jupiter/junit-jupiter-engine/5.12.2/junit-jupiter-engine-5.12.2.jar (292 kB at 1.9 kB/s)
#33 1563.4 [INFO] Downloading from central: https://repo.maven.apache.org/maven2/org/junit/platform/junit-platform-engine/1.12.2/junit-platform-engine-1.12.2.jar
#33 1563.5 [INFO] Downloaded from central: https://repo.maven.apache.org/maven2/org/junit/platform/junit-platform-engine/1.12.2/junit-platform-engine-1.12.2.jar (256 kB at 1.7 kB/s)
#33 1563.5 [INFO] Downloading from central: https://repo.maven.apache.org/maven2/org/mockito/mockito-junit-jupiter/5.17.0/mockito-junit-jupiter-5.17.0.jar
#33 1563.6 [INFO] Downloaded from central: https://repo.maven.apache.org/maven2/org/mockito/mockito-junit-jupiter/5.17.0/mockito-junit-jupiter-5.17.0.jar (9.4 kB at 60 B/s)
#33 1563.6 [INFO] Downloading from central: https://repo.maven.apache.org/maven2/org/skyscreamer/jsonassert/1.5.3/jsonassert-1.5.3.jar
#33 1563.6 [INFO] Downloaded from central: https://repo.maven.apache.org/maven2/org/skyscreamer/jsonassert/1.5.3/jsonassert-1.5.3.jar (31 kB at 201 B/s)
#33 1563.6 [INFO] Downloading from central: https://repo.maven.apache.org/maven2/com/vaadin/external/google/android-json/0.0.20131108.vaadin1/android-json-0.0.20131108.vaadin1.jar
#33 1563.7 [INFO] Downloaded from central: https://repo.maven.apache.org/maven2/com/vaadin/external/google/android-json/0.0.20131108.vaadin1/android-json-0.0.20131108.vaadin1.jar (18 kB at 118 B/s)
#33 1563.7 [INFO] Downloading from central: https://repo.maven.apache.org/maven2/org/springframework/spring-test/6.2.8/spring-test-6.2.8.jar
#33 1563.9 [INFO] Downloaded from central: https://repo.maven.apache.org/maven2/org/springframework/spring-test/6.2.8/spring-test-6.2.8.jar (1.0 MB at 6.6 kB/s)
#33 1563.9 [INFO] Downloading from central: https://repo.maven.apache.org/maven2/org/xmlunit/xmlunit-core/2.10.2/xmlunit-core-2.10.2.jar
#33 1564.0 [INFO] Downloaded from central: https://repo.maven.apache.org/maven2/org/xmlunit/xmlunit-core/2.10.2/xmlunit-core-2.10.2.jar (177 kB at 1.1 kB/s)
#33 1564.0 [INFO] Downloading from central: https://repo.maven.apache.org/maven2/org/mockito/mockito-core/4.8.1/mockito-core-4.8.1.jar
#33 1564.0 [INFO] Downloaded from central: https://repo.maven.apache.org/maven2/net/minidev/accessors-smart/2.5.2/accessors-smart-2.5.2.jar (30 kB at 196 B/s)
#33 1564.0 [INFO] Downloading from central: https://repo.maven.apache.org/maven2/net/bytebuddy/byte-buddy/1.17.6/byte-buddy-1.17.6.jar
#33 1564.9 [INFO] Downloaded from central: https://repo.maven.apache.org/maven2/net/bytebuddy/byte-buddy/1.17.6/byte-buddy-1.17.6.jar (9.0 MB at 58 kB/s)
#33 1564.9 [INFO] Downloading from central: https://repo.maven.apache.org/maven2/net/bytebuddy/byte-buddy-agent/1.17.6/byte-buddy-agent-1.17.6.jar
#33 1565.0 [INFO] Downloaded from central: https://repo.maven.apache.org/maven2/net/bytebuddy/byte-buddy-agent/1.17.6/byte-buddy-agent-1.17.6.jar (366 kB at 2.3 kB/s)
#33 1565.0 [INFO] Downloading from central: https://repo.maven.apache.org/maven2/org/objenesis/objenesis/3.2/objenesis-3.2.jar
#33 1565.1 [INFO] Downloaded from central: https://repo.maven.apache.org/maven2/org/objenesis/objenesis/3.2/objenesis-3.2.jar (49 kB at 316 B/s)
#33 1565.1 [INFO] Downloading from central: https://repo.maven.apache.org/maven2/org/powermock/powermock-module-junit4/2.0.9/powermock-module-junit4-2.0.9.jar
#33 1565.1 [INFO] Downloaded from central: https://repo.maven.apache.org/maven2/org/powermock/powermock-module-junit4/2.0.9/powermock-module-junit4-2.0.9.jar (48 kB at 306 B/s)
#33 1565.1 [INFO] Downloading from central: https://repo.maven.apache.org/maven2/org/powermock/powermock-module-junit4-common/2.0.9/powermock-module-junit4-common-2.0.9.jar
#33 1565.2 [INFO] Downloaded from central: https://repo.maven.apache.org/maven2/org/powermock/powermock-module-junit4-common/2.0.9/powermock-module-junit4-common-2.0.9.jar (18 kB at 113 B/s)
#33 1565.2 [INFO] Downloading from central: https://repo.maven.apache.org/maven2/org/powermock/powermock-reflect/2.0.9/powermock-reflect-2.0.9.jar
#33 1565.3 [INFO] Downloaded from central: https://repo.maven.apache.org/maven2/org/powermock/powermock-reflect/2.0.9/powermock-reflect-2.0.9.jar (68 kB at 437 B/s)
#33 1565.3 [INFO] Downloading from central: https://repo.maven.apache.org/maven2/org/powermock/powermock-core/2.0.9/powermock-core-2.0.9.jar
#33 1565.4 [INFO] Downloaded from central: https://repo.maven.apache.org/maven2/org/powermock/powermock-core/2.0.9/powermock-core-2.0.9.jar (201 kB at 1.3 kB/s)
#33 1565.4 [INFO] Downloading from central: https://repo.maven.apache.org/maven2/org/javassist/javassist/3.27.0-GA/javassist-3.27.0-GA.jar
#33 1565.5 [INFO] Downloaded from central: https://repo.maven.apache.org/maven2/org/javassist/javassist/3.27.0-GA/javassist-3.27.0-GA.jar (783 kB at 5.0 kB/s)
#33 1565.5 [INFO] Downloading from central: https://repo.maven.apache.org/maven2/junit/junit/4.13.2/junit-4.13.2.jar
#33 1565.6 [INFO] Downloaded from central: https://repo.maven.apache.org/maven2/junit/junit/4.13.2/junit-4.13.2.jar (385 kB at 2.5 kB/s)
#33 1565.6 [INFO] Downloading from central: https://repo.maven.apache.org/maven2/org/hamcrest/hamcrest-core/3.0/hamcrest-core-3.0.jar
#33 1565.7 [INFO] Downloaded from central: https://repo.maven.apache.org/maven2/org/hamcrest/hamcrest-core/3.0/hamcrest-core-3.0.jar (2.4 kB at 15 B/s)
#33 1565.7 [INFO] Downloading from central: https://repo.maven.apache.org/maven2/org/powermock/powermock-api-mockito2/2.0.9/powermock-api-mockito2-2.0.9.jar
#33 1565.8 [INFO] Downloaded from central: https://repo.maven.apache.org/maven2/org/powermock/powermock-api-mockito2/2.0.9/powermock-api-mockito2-2.0.9.jar (88 kB at 564 B/s)
#33 1565.8 [INFO] Downloading from central: https://repo.maven.apache.org/maven2/org/powermock/powermock-api-support/2.0.9/powermock-api-support-2.0.9.jar
#33 1565.8 [INFO] Downloaded from central: https://repo.maven.apache.org/maven2/org/powermock/powermock-api-support/2.0.9/powermock-api-support-2.0.9.jar (22 kB at 137 B/s)
#33 1565.8 [INFO] Downloading from central: https://repo.maven.apache.org/maven2/org/springframework/data/spring-data-commons/3.5.1/spring-data-commons-3.5.1.jar
#33 1566.1 [INFO] Downloaded from central: https://repo.maven.apache.org/maven2/org/springframework/data/spring-data-commons/3.5.1/spring-data-commons-3.5.1.jar (1.5 MB at 9.7 kB/s)
#33 1566.1 [INFO] Downloading from central: https://repo.maven.apache.org/maven2/org/springframework/boot/spring-boot-properties-migrator/3.5.3/spring-boot-properties-migrator-3.5.3.jar
#33 1566.2 [INFO] Downloaded from central: https://repo.maven.apache.org/maven2/org/springframework/boot/spring-boot-properties-migrator/3.5.3/spring-boot-properties-migrator-3.5.3.jar (22 kB at 140 B/s)
#33 1566.2 [INFO] Downloading from central: https://repo.maven.apache.org/maven2/org/springframework/boot/spring-boot/3.5.3/spring-boot-3.5.3.jar
#33 1566.5 [INFO] Downloaded from central: https://repo.maven.apache.org/maven2/org/springframework/boot/spring-boot/3.5.3/spring-boot-3.5.3.jar (1.9 MB at 12 kB/s)
#33 1566.5 [INFO] Downloading from central: https://repo.maven.apache.org/maven2/org/springframework/spring-context/6.2.8/spring-context-6.2.8.jar
#33 1566.7 [INFO] Downloaded from central: https://repo.maven.apache.org/maven2/org/springframework/spring-context/6.2.8/spring-context-6.2.8.jar (1.4 MB at 8.6 kB/s)
#33 1566.7 [INFO] Downloading from central: https://repo.maven.apache.org/maven2/org/springframework/spring-aop/6.2.8/spring-aop-6.2.8.jar
#33 1566.8 [INFO] Downloaded from central: https://repo.maven.apache.org/maven2/org/springframework/spring-aop/6.2.8/spring-aop-6.2.8.jar (420 kB at 2.7 kB/s)
#33 1566.8 [INFO] Downloading from central: https://repo.maven.apache.org/maven2/org/springframework/spring-expression/6.2.8/spring-expression-6.2.8.jar
#33 1566.9 [INFO] Downloaded from central: https://repo.maven.apache.org/maven2/org/springframework/spring-expression/6.2.8/spring-expression-6.2.8.jar (318 kB at 2.0 kB/s)
#33 1566.9 [INFO] Downloading from central: https://repo.maven.apache.org/maven2/org/springframework/boot/spring-boot-configuration-metadata/3.5.3/spring-boot-configuration-metadata-3.5.3.jar
#33 1567.0 [INFO] Downloaded from central: https://repo.maven.apache.org/maven2/org/springframework/boot/spring-boot-configuration-metadata/3.5.3/spring-boot-configuration-metadata-3.5.3.jar (28 kB at 180 B/s)
#33 1569.4 [INFO] Downloaded from central: https://repo.maven.apache.org/maven2/org/springframework/cloud/spring-cloud-loadbalancer/4.3.0/spring-cloud-loadbalancer-4.3.0.jar (141 kB at 882 B/s)
#33 1610.6 [INFO] Downloaded from central: https://repo.maven.apache.org/maven2/org/projectlombok/lombok/1.18.36/lombok-1.18.36.jar (2.1 MB at 10 kB/s)
#33 1623.6 [INFO] Downloaded from central: https://repo.maven.apache.org/maven2/org/mockito/mockito-core/4.8.1/mockito-core-4.8.1.jar (684 kB at 3.2 kB/s)
#33 2088.7 [INFO] Downloaded from central: https://repo.maven.apache.org/maven2/com/alibaba/nacos/nacos-client/2.2.1/nacos-client-2.2.1.jar (7.5 MB at 11 kB/s)
#33 2089.1 [INFO] 
#33 2089.1 [INFO] --- dependency:3.7.0:resolve (default-cli) @ widdo-assistant ---
#33 2091.1 [INFO] 
#33 2091.1 [INFO] The following files have been resolved:
#33 2091.1 [INFO]    org.springframework.boot:spring-boot-starter-validation:jar:3.5.3:compile -- module spring.boot.starter.validation [auto]
#33 2091.1 [INFO]    org.springframework.boot:spring-boot-starter:jar:3.5.3:compile -- module spring.boot.starter [auto]
#33 2091.1 [INFO]    org.springframework.boot:spring-boot-autoconfigure:jar:3.5.3:compile -- module spring.boot.autoconfigure [auto]
#33 2091.1 [INFO]    org.springframework.boot:spring-boot-starter-logging:jar:3.5.3:compile -- module spring.boot.starter.logging [auto]
#33 2091.1 [INFO]    ch.qos.logback:logback-classic:jar:1.5.18:compile -- module ch.qos.logback.classic
#33 2091.1 [INFO]    ch.qos.logback:logback-core:jar:1.5.18:compile -- module ch.qos.logback.core
#33 2091.1 [INFO]    org.apache.logging.log4j:log4j-to-slf4j:jar:2.24.3:compile -- module org.apache.logging.log4j.to.slf4j
#33 2091.1 [INFO]    org.apache.logging.log4j:log4j-api:jar:2.24.3:compile -- module org.apache.logging.log4j
#33 2091.1 [INFO]    org.slf4j:jul-to-slf4j:jar:2.0.17:compile -- module jul.to.slf4j
#33 2091.1 [INFO]    org.apache.tomcat.embed:tomcat-embed-el:jar:10.1.42:compile -- module org.apache.tomcat.embed.el
#33 2091.1 [INFO]    org.hibernate.validator:hibernate-validator:jar:8.0.2.Final:compile -- module org.hibernate.validator [auto]
#33 2091.1 [INFO]    jakarta.validation:jakarta.validation-api:jar:3.0.2:compile -- module jakarta.validation
#33 2091.1 [INFO]    org.jboss.logging:jboss-logging:jar:3.6.1.Final:compile -- module org.jboss.logging
#33 2091.1 [INFO]    com.fasterxml:classmate:jar:1.7.0:compile -- module com.fasterxml.classmate
#33 2091.1 [INFO]    org.projectlombok:lombok:jar:1.18.36:compile -- module lombok
#33 2091.1 [INFO]    com.alibaba:fastjson:jar:1.2.83:compile -- module fastjson (auto)
#33 2091.1 [INFO]    org.apache.commons:commons-lang3:jar:3.17.0:compile -- module org.apache.commons.lang3
#33 2091.1 [INFO]    cn.hutool:hutool-all:jar:5.8.12:compile -- module hutool.all (auto)
#33 2091.1 [INFO]    com.alibaba.cloud:spring-cloud-starter-alibaba-nacos-config:jar:2022.0.0.0:compile -- module spring.cloud.starter.alibaba.nacos.config (auto)
#33 2091.1 [INFO]    com.alibaba.cloud:spring-cloud-alibaba-commons:jar:2022.0.0.0:compile -- module spring.cloud.alibaba.commons (auto)
#33 2091.1 [INFO]    com.alibaba.spring:spring-context-support:jar:1.0.11:compile -- module spring.context.support (auto)
#33 2091.1 [INFO]    com.alibaba.nacos:nacos-client:jar:2.2.1:compile -- module nacos.client (auto)
#33 2091.1 [INFO]    com.alibaba.nacos:nacos-auth-plugin:jar:2.2.1:compile -- module nacos.auth.plugin (auto)
#33 2091.1 [INFO]    com.alibaba.nacos:nacos-encryption-plugin:jar:2.2.1:compile -- module nacos.encryption.plugin (auto)
#33 2091.1 [INFO]    commons-codec:commons-codec:jar:1.18.0:compile -- module org.apache.commons.codec
#33 2091.1 [INFO]    com.fasterxml.jackson.core:jackson-core:jar:2.19.1:compile -- module com.fasterxml.jackson.core
#33 2091.1 [INFO]    com.fasterxml.jackson.core:jackson-databind:jar:2.19.1:compile -- module com.fasterxml.jackson.databind
#33 2091.1 [INFO]    com.fasterxml.jackson.core:jackson-annotations:jar:2.19.1:compile -- module com.fasterxml.jackson.annotation
#33 2091.1 [INFO]    org.apache.httpcomponents:httpasyncclient:jar:4.1.5:compile -- module org.apache.httpcomponents.httpasyncclient [auto]
#33 2091.1 [INFO]    org.apache.httpcomponents:httpcore:jar:4.4.16:compile -- module org.apache.httpcomponents.httpcore [auto]
#33 2091.1 [INFO]    org.apache.httpcomponents:httpcore-nio:jar:4.4.16:compile -- module org.apache.httpcomponents.httpcore.nio [auto]
#33 2091.1 [INFO]    org.apache.httpcomponents:httpclient:jar:4.5.13:compile -- module org.apache.httpcomponents.httpclient [auto]
#33 2091.1 [INFO]    io.prometheus:simpleclient:jar:0.16.0:compile -- module simpleclient (auto)
#33 2091.1 [INFO]    io.prometheus:simpleclient_tracer_otel:jar:0.16.0:compile -- module simpleclient.tracer.otel (auto)
#33 2091.1 [INFO]    io.prometheus:simpleclient_tracer_common:jar:0.16.0:compile -- module simpleclient.tracer.common (auto)
#33 2091.1 [INFO]    io.prometheus:simpleclient_tracer_otel_agent:jar:0.16.0:compile -- module simpleclient.tracer.otel.agent (auto)
#33 2091.1 [INFO]    org.springframework.cloud:spring-cloud-commons:jar:4.3.0:compile -- module spring.cloud.commons (auto)
#33 2091.1 [INFO]    org.springframework.security:spring-security-crypto:jar:6.5.1:compile -- module spring.security.crypto [auto]
#33 2091.1 [INFO]    org.springframework.cloud:spring-cloud-context:jar:4.3.0:compile -- module spring.cloud.context (auto)
#33 2091.1 [INFO]    org.slf4j:slf4j-api:jar:2.0.17:compile -- module org.slf4j
#33 2091.1 [INFO]    jakarta.annotation:jakarta.annotation-api:jar:2.1.1:compile -- module jakarta.annotation
#33 2091.1 [INFO]    com.alibaba.cloud:spring-cloud-starter-alibaba-nacos-discovery:jar:2022.0.0.0:compile -- module spring.cloud.starter.alibaba.nacos.discovery (auto)
#33 2091.1 [INFO]    org.springframework.boot:spring-boot-starter-actuator:jar:3.5.3:compile -- module spring.boot.starter.actuator [auto]
#33 2091.1 [INFO]    org.springframework.boot:spring-boot-actuator-autoconfigure:jar:3.5.3:compile -- module spring.boot.actuator.autoconfigure [auto]
#33 2091.1 [INFO]    org.springframework.boot:spring-boot-actuator:jar:3.5.3:compile -- module spring.boot.actuator [auto]
#33 2091.1 [INFO]    com.fasterxml.jackson.datatype:jackson-datatype-jsr310:jar:2.19.1:runtime -- module com.fasterxml.jackson.datatype.jsr310
#33 2091.1 [INFO]    io.micrometer:micrometer-observation:jar:1.15.1:compile -- module micrometer.observation [auto]
#33 2091.1 [INFO]    io.micrometer:micrometer-commons:jar:1.15.1:compile -- module micrometer.commons [auto]
#33 2091.1 [INFO]    io.micrometer:micrometer-jakarta9:jar:1.15.1:compile -- module micrometer.jakarta9 [auto]
#33 2091.1 [INFO]    io.micrometer:micrometer-core:jar:1.15.1:compile -- module micrometer.core [auto]
#33 2091.1 [INFO]    org.hdrhistogram:HdrHistogram:jar:2.2.2:runtime -- module HdrHistogram (auto)
#33 2091.1 [INFO]    org.latencyutils:LatencyUtils:jar:2.0.3:runtime -- module LatencyUtils (auto)
#33 2091.1 [INFO]    org.springframework.boot:spring-boot-configuration-processor:jar:3.5.3:compile -- module spring.boot.configuration.processor [auto]
#33 2091.1 [INFO]    org.springframework.cloud:spring-cloud-starter-loadbalancer:jar:4.3.0:compile -- module spring.cloud.starter.loadbalancer (auto)
#33 2091.1 [INFO]    org.springframework.cloud:spring-cloud-starter:jar:4.3.0:compile -- module spring.cloud.starter (auto)
#33 2091.1 [INFO]    org.bouncycastle:bcprov-jdk18on:jar:1.80:compile -- module org.bouncycastle.provider
#33 2091.1 [INFO]    org.springframework.cloud:spring-cloud-loadbalancer:jar:4.3.0:compile -- module spring.cloud.loadbalancer (auto)
#33 2091.1 [INFO]    io.projectreactor:reactor-core:jar:3.7.7:compile -- module reactor.core [auto]
#33 2091.1 [INFO]    org.reactivestreams:reactive-streams:jar:1.0.4:compile -- module org.reactivestreams [auto]
#33 2091.1 [INFO]    io.projectreactor.addons:reactor-extra:jar:3.5.2:compile -- module reactor.extra [auto]
#33 2091.1 [INFO]    org.springframework.boot:spring-boot-starter-cache:jar:3.5.3:compile -- module spring.boot.starter.cache [auto]
#33 2091.1 [INFO]    org.springframework:spring-context-support:jar:6.2.8:compile -- module spring.context.support [auto]
#33 2091.1 [INFO]    com.stoyanr:evictor:jar:1.0.0:compile -- module evictor (auto)
#33 2091.1 [INFO]    org.springframework:spring-web:jar:6.2.8:compile -- module spring.web [auto]
#33 2091.1 [INFO]    org.springframework:spring-beans:jar:6.2.8:compile -- module spring.beans [auto]
#33 2091.1 [INFO]    org.springframework:spring-core:jar:6.2.8:compile -- module spring.core [auto]
#33 2091.1 [INFO]    org.springframework:spring-jcl:jar:6.2.8:compile -- module spring.jcl [auto]
#33 2091.1 [INFO]    org.yaml:snakeyaml:jar:2.0:compile -- module org.yaml.snakeyaml
#33 2091.1 [INFO]    org.springframework.boot:spring-boot-starter-test:jar:3.5.3:compile -- module spring.boot.starter.test [auto]
#33 2091.1 [INFO]    org.springframework.boot:spring-boot-test:jar:3.5.3:compile -- module spring.boot.test [auto]
#33 2091.1 [INFO]    org.springframework.boot:spring-boot-test-autoconfigure:jar:3.5.3:compile -- module spring.boot.test.autoconfigure [auto]
#33 2091.1 [INFO]    com.jayway.jsonpath:json-path:jar:2.9.0:compile -- module json.path [auto]
#33 2091.1 [INFO]    jakarta.xml.bind:jakarta.xml.bind-api:jar:4.0.2:compile -- module jakarta.xml.bind
#33 2091.1 [INFO]    jakarta.activation:jakarta.activation-api:jar:2.1.3:compile -- module jakarta.activation
#33 2091.1 [INFO]    net.minidev:json-smart:jar:2.5.2:compile -- module json.smart (auto)
#33 2091.1 [INFO]    net.minidev:accessors-smart:jar:2.5.2:compile -- module accessors.smart (auto)
#33 2091.1 [INFO]    org.ow2.asm:asm:jar:9.7.1:compile -- module org.objectweb.asm
#33 2091.1 [INFO]    org.assertj:assertj-core:jar:3.22.0:test -- module org.assertj.core
#33 2091.1 [INFO]    org.awaitility:awaitility:jar:4.2.2:compile -- module awaitility (auto)
#33 2091.1 [INFO]    org.hamcrest:hamcrest:jar:3.0:compile -- module org.hamcrest [auto]
#33 2091.1 [INFO]    org.junit.jupiter:junit-jupiter:jar:5.12.2:compile -- module org.junit.jupiter
#33 2091.1 [INFO]    org.junit.jupiter:junit-jupiter-api:jar:5.12.2:compile -- module org.junit.jupiter.api
#33 2091.1 [INFO]    org.opentest4j:opentest4j:jar:1.3.0:compile -- module org.opentest4j
#33 2091.1 [INFO]    org.junit.platform:junit-platform-commons:jar:1.12.2:compile -- module org.junit.platform.commons
#33 2091.1 [INFO]    org.apiguardian:apiguardian-api:jar:1.1.2:compile -- module org.apiguardian.api
#33 2091.1 [INFO]    org.junit.jupiter:junit-jupiter-params:jar:5.12.2:compile -- module org.junit.jupiter.params
#33 2091.1 [INFO]    org.junit.jupiter:junit-jupiter-engine:jar:5.12.2:runtime -- module org.junit.jupiter.engine
#33 2091.1 [INFO]    org.junit.platform:junit-platform-engine:jar:1.12.2:runtime -- module org.junit.platform.engine
#33 2091.1 [INFO]    org.mockito:mockito-junit-jupiter:jar:5.17.0:compile -- module org.mockito.junit.jupiter
#33 2091.1 [INFO]    org.skyscreamer:jsonassert:jar:1.5.3:compile -- module jsonassert (auto)
#33 2091.1 [INFO]    com.vaadin.external.google:android-json:jar:0.0.20131108.vaadin1:compile -- module android.json (auto)
#33 2091.1 [INFO]    org.springframework:spring-test:jar:6.2.8:compile -- module spring.test [auto]
#33 2091.1 [INFO]    org.xmlunit:xmlunit-core:jar:2.10.2:compile -- module org.xmlunit [auto]
#33 2091.1 [INFO]    org.mockito:mockito-core:jar:4.8.1:test -- module org.mockito [auto]
#33 2091.1 [INFO]    net.bytebuddy:byte-buddy:jar:1.17.6:compile -- module net.bytebuddy
#33 2091.1 [INFO]    net.bytebuddy:byte-buddy-agent:jar:1.17.6:compile -- module net.bytebuddy.agent
#33 2091.1 [INFO]    org.objenesis:objenesis:jar:3.2:compile -- module org.objenesis [auto]
#33 2091.1 [INFO]    org.powermock:powermock-module-junit4:jar:2.0.9:compile -- module powermock.module.junit4 (auto)
#33 2091.1 [INFO]    org.powermock:powermock-module-junit4-common:jar:2.0.9:compile -- module powermock.module.junit4.common (auto)
#33 2091.1 [INFO]    org.powermock:powermock-reflect:jar:2.0.9:compile -- module powermock.reflect (auto)
#33 2091.1 [INFO]    org.powermock:powermock-core:jar:2.0.9:compile -- module powermock.core (auto)
#33 2091.1 [INFO]    org.javassist:javassist:jar:3.27.0-GA:compile -- module javassist (auto)
#33 2091.1 [INFO]    junit:junit:jar:4.13.2:compile -- module junit [auto]
#33 2091.1 [INFO]    org.hamcrest:hamcrest-core:jar:3.0:compile -- module org.hamcrest.core.deprecated [auto]
#33 2091.1 [INFO]    org.powermock:powermock-api-mockito2:jar:2.0.9:compile -- module powermock.api.mockito2 (auto)
#33 2091.1 [INFO]    org.powermock:powermock-api-support:jar:2.0.9:compile -- module powermock.api.support (auto)
#33 2091.1 [INFO]    org.springframework.data:spring-data-commons:jar:3.5.1:compile -- module spring.data.commons [auto]
#33 2091.1 [INFO]    org.springframework.boot:spring-boot-properties-migrator:jar:3.5.3:runtime -- module spring.boot.properties.migrator [auto]
#33 2091.1 [INFO]    org.springframework.boot:spring-boot:jar:3.5.3:compile -- module spring.boot [auto]
#33 2091.1 [INFO]    org.springframework:spring-context:jar:6.2.8:compile -- module spring.context [auto]
#33 2091.1 [INFO]    org.springframework:spring-aop:jar:6.2.8:compile -- module spring.aop [auto]
#33 2091.1 [INFO]    org.springframework:spring-expression:jar:6.2.8:compile -- module spring.expression [auto]
#33 2091.1 [INFO]    org.springframework.boot:spring-boot-configuration-metadata:jar:3.5.3:runtime -- module spring.boot.configuration.metadata [auto]
#33 2091.1 [INFO] 
#33 2091.1 [INFO] 
#33 2091.1 [INFO] ------------------------< cn.widdo:widdo-cache >------------------------
#33 2091.1 [INFO] Building widdo-cache 353.0.0.0                                    [5/21]
#33 2091.1 [INFO]   from widdo-packages/widdo-cache/pom.xml
#33 2091.1 [INFO] --------------------------------[ jar ]---------------------------------
#33 2091.3 [INFO] Downloading from central: https://repo.maven.apache.org/maven2/org/springframework/boot/spring-boot-starter-data-redis/3.5.3/spring-boot-starter-data-redis-3.5.3.pom
#33 2092.3 [INFO] Downloaded from central: https://repo.maven.apache.org/maven2/org/springframework/boot/spring-boot-starter-data-redis/3.5.3/spring-boot-starter-data-redis-3.5.3.pom (2.5 kB at 2.4 kB/s)
#33 2092.4 [INFO] Downloading from central: https://repo.maven.apache.org/maven2/io/lettuce/lettuce-core/6.6.0.RELEASE/lettuce-core-6.6.0.RELEASE.pom
#33 2092.6 [INFO] Downloaded from central: https://repo.maven.apache.org/maven2/io/lettuce/lettuce-core/6.6.0.RELEASE/lettuce-core-6.6.0.RELEASE.pom (8.1 kB at 33 kB/s)
#33 2092.6 [INFO] Downloading from central: https://repo.maven.apache.org/maven2/redis/clients/authentication/redis-authx-core/0.1.1-beta2/redis-authx-core-0.1.1-beta2.pom
#33 2093.4 [INFO] Downloaded from central: https://repo.maven.apache.org/maven2/redis/clients/authentication/redis-authx-core/0.1.1-beta2/redis-authx-core-0.1.1-beta2.pom (7.7 kB at 9.6 kB/s)
#33 2093.4 [INFO] Downloading from central: https://repo.maven.apache.org/maven2/io/netty/netty-common/4.1.122.Final/netty-common-4.1.122.Final.pom
#33 2094.3 [INFO] Downloaded from central: https://repo.maven.apache.org/maven2/io/netty/netty-common/4.1.122.Final/netty-common-4.1.122.Final.pom (11 kB at 13 kB/s)
#33 2094.3 [INFO] Downloading from central: https://repo.maven.apache.org/maven2/io/netty/netty-parent/4.1.122.Final/netty-parent-4.1.122.Final.pom
#33 2097.0 [INFO] Downloaded from central: https://repo.maven.apache.org/maven2/io/netty/netty-parent/4.1.122.Final/netty-parent-4.1.122.Final.pom (96 kB at 35 kB/s)
#33 2097.1 [INFO] Downloading from central: https://repo.maven.apache.org/maven2/io/netty/netty-handler/4.1.122.Final/netty-handler-4.1.122.Final.pom
#33 2097.5 [INFO] Downloaded from central: https://repo.maven.apache.org/maven2/io/netty/netty-handler/4.1.122.Final/netty-handler-4.1.122.Final.pom (5.5 kB at 16 kB/s)
#33 2097.5 [INFO] Downloading from central: https://repo.maven.apache.org/maven2/io/netty/netty-resolver/4.1.122.Final/netty-resolver-4.1.122.Final.pom
#33 2098.8 [INFO] Downloaded from central: https://repo.maven.apache.org/maven2/io/netty/netty-resolver/4.1.122.Final/netty-resolver-4.1.122.Final.pom (2.2 kB at 1.6 kB/s)
#33 2098.8 [INFO] Downloading from central: https://repo.maven.apache.org/maven2/io/netty/netty-buffer/4.1.122.Final/netty-buffer-4.1.122.Final.pom
#33 2099.8 [INFO] Downloaded from central: https://repo.maven.apache.org/maven2/io/netty/netty-buffer/4.1.122.Final/netty-buffer-4.1.122.Final.pom (2.2 kB at 2.2 kB/s)
#33 2100.0 [INFO] Downloading from central: https://repo.maven.apache.org/maven2/io/netty/netty-transport/4.1.122.Final/netty-transport-4.1.122.Final.pom
#33 2100.5 [INFO] Downloaded from central: https://repo.maven.apache.org/maven2/io/netty/netty-transport/4.1.122.Final/netty-transport-4.1.122.Final.pom (3.1 kB at 5.4 kB/s)
#33 2100.6 [INFO] Downloading from central: https://repo.maven.apache.org/maven2/io/netty/netty-transport-native-unix-common/4.1.122.Final/netty-transport-native-unix-common-4.1.122.Final.pom
#33 2104.1 [INFO] Downloaded from central: https://repo.maven.apache.org/maven2/io/netty/netty-transport-native-unix-common/4.1.122.Final/netty-transport-native-unix-common-4.1.122.Final.pom (34 kB at 9.6 kB/s)
#33 2104.1 [INFO] Downloading from central: https://repo.maven.apache.org/maven2/io/netty/netty-codec/4.1.122.Final/netty-codec-4.1.122.Final.pom
#33 2105.6 [INFO] Downloaded from central: https://repo.maven.apache.org/maven2/io/netty/netty-codec/4.1.122.Final/netty-codec-4.1.122.Final.pom (6.2 kB at 4.2 kB/s)
#33 2105.6 [INFO] Downloading from central: https://repo.maven.apache.org/maven2/org/springframework/data/spring-data-redis/3.5.1/spring-data-redis-3.5.1.pom
#33 2106.7 [INFO] Downloaded from central: https://repo.maven.apache.org/maven2/org/springframework/data/spring-data-redis/3.5.1/spring-data-redis-3.5.1.pom (9.9 kB at 9.1 kB/s)
#33 2106.9 [INFO] Downloading from central: https://repo.maven.apache.org/maven2/org/springframework/data/spring-data-keyvalue/3.5.1/spring-data-keyvalue-3.5.1.pom
#33 2107.4 [INFO] Downloaded from central: https://repo.maven.apache.org/maven2/org/springframework/data/spring-data-keyvalue/3.5.1/spring-data-keyvalue-3.5.1.pom (2.7 kB at 5.2 kB/s)
#33 2107.4 [INFO] Downloading from central: https://repo.maven.apache.org/maven2/org/springframework/spring-tx/6.2.8/spring-tx-6.2.8.pom
#33 2107.7 [INFO] Downloaded from central: https://repo.maven.apache.org/maven2/org/springframework/spring-tx/6.2.8/spring-tx-6.2.8.pom (2.2 kB at 7.1 kB/s)
#33 2107.7 [INFO] Downloading from central: https://repo.maven.apache.org/maven2/org/springframework/spring-oxm/6.2.8/spring-oxm-6.2.8.pom
#33 2108.1 [INFO] Downloaded from central: https://repo.maven.apache.org/maven2/org/springframework/spring-oxm/6.2.8/spring-oxm-6.2.8.pom (2.4 kB at 6.3 kB/s)
#33 2108.2 [INFO] Downloading from central: https://repo.maven.apache.org/maven2/org/redisson/redisson-spring-boot-starter/3.15.3/redisson-spring-boot-starter-3.15.3.pom
#33 2108.8 [INFO] Downloaded from central: https://repo.maven.apache.org/maven2/org/redisson/redisson-spring-boot-starter/3.15.3/redisson-spring-boot-starter-3.15.3.pom (5.6 kB at 9.7 kB/s)
#33 2108.8 [INFO] Downloading from central: https://repo.maven.apache.org/maven2/org/redisson/redisson-parent/3.15.3/redisson-parent-3.15.3.pom
#33 2110.2 [INFO] Downloaded from central: https://repo.maven.apache.org/maven2/org/redisson/redisson-parent/3.15.3/redisson-parent-3.15.3.pom (12 kB at 8.7 kB/s)
#33 2110.2 [INFO] Downloading from central: https://repo.maven.apache.org/maven2/org/springframework/boot/spring-boot-dependencies/2.4.4/spring-boot-dependencies-2.4.4.pom
#33 2116.3 [INFO] Downloaded from central: https://repo.maven.apache.org/maven2/org/springframework/boot/spring-boot-dependencies/2.4.4/spring-boot-dependencies-2.4.4.pom (108 kB at 18 kB/s)
#33 2116.3 [INFO] Downloading from central: https://repo.maven.apache.org/maven2/com/datastax/oss/java-driver-bom/4.9.0/java-driver-bom-4.9.0.pom
#33 2116.9 [INFO] Downloaded from central: https://repo.maven.apache.org/maven2/com/datastax/oss/java-driver-bom/4.9.0/java-driver-bom-4.9.0.pom (4.1 kB at 7.1 kB/s)
#33 2117.0 [INFO] Downloading from central: https://repo.maven.apache.org/maven2/io/dropwizard/metrics/metrics-bom/4.1.18/metrics-bom-4.1.18.pom
#33 2118.7 [INFO] Downloaded from central: https://repo.maven.apache.org/maven2/io/dropwizard/metrics/metrics-bom/4.1.18/metrics-bom-4.1.18.pom (5.3 kB at 3.1 kB/s)
#33 2118.7 [INFO] Downloading from central: https://repo.maven.apache.org/maven2/io/dropwizard/metrics/metrics-parent/4.1.18/metrics-parent-4.1.18.pom
#33 2121.1 [INFO] Downloaded from central: https://repo.maven.apache.org/maven2/io/dropwizard/metrics/metrics-parent/4.1.18/metrics-parent-4.1.18.pom (17 kB at 7.1 kB/s)
#33 2121.1 [INFO] Downloading from central: https://repo.maven.apache.org/maven2/org/codehaus/groovy/groovy-bom/2.5.14/groovy-bom-2.5.14.pom
#33 2122.5 [INFO] Downloaded from central: https://repo.maven.apache.org/maven2/org/codehaus/groovy/groovy-bom/2.5.14/groovy-bom-2.5.14.pom (26 kB at 20 kB/s)
#33 2122.5 [INFO] Downloading from central: https://repo.maven.apache.org/maven2/org/infinispan/infinispan-bom/11.0.10.Final/infinispan-bom-11.0.10.Final.pom
#33 2124.0 [INFO] Downloaded from central: https://repo.maven.apache.org/maven2/org/infinispan/infinispan-bom/11.0.10.Final/infinispan-bom-11.0.10.Final.pom (19 kB at 12 kB/s)
#33 2124.0 [INFO] Downloading from central: https://repo.maven.apache.org/maven2/org/infinispan/infinispan-build-configuration-parent/11.0.10.Final/infinispan-build-configuration-parent-11.0.10.Final.pom
#33 2125.5 [INFO] Downloaded from central: https://repo.maven.apache.org/maven2/org/infinispan/infinispan-build-configuration-parent/11.0.10.Final/infinispan-build-configuration-parent-11.0.10.Final.pom (13 kB at 9.2 kB/s)
#33 2125.5 [INFO] Downloading from central: https://repo.maven.apache.org/maven2/org/jboss/jboss-parent/36/jboss-parent-36.pom
#33 2135.1 [INFO] Downloaded from central: https://repo.maven.apache.org/maven2/org/jboss/jboss-parent/36/jboss-parent-36.pom (66 kB at 6.9 kB/s)
#33 2135.1 [INFO] Downloading from central: https://repo.maven.apache.org/maven2/com/fasterxml/jackson/jackson-bom/2.11.4/jackson-bom-2.11.4.pom
#33 2136.7 [INFO] Downloaded from central: https://repo.maven.apache.org/maven2/com/fasterxml/jackson/jackson-bom/2.11.4/jackson-bom-2.11.4.pom (15 kB at 9.3 kB/s)
#33 2136.7 [INFO] Downloading from central: https://repo.maven.apache.org/maven2/com/fasterxml/jackson/jackson-parent/2.11/jackson-parent-2.11.pom
#33 2137.2 [INFO] Downloaded from central: https://repo.maven.apache.org/maven2/com/fasterxml/jackson/jackson-parent/2.11/jackson-parent-2.11.pom (7.8 kB at 15 kB/s)
#33 2137.3 [INFO] Downloading from central: https://repo.maven.apache.org/maven2/com/fasterxml/oss-parent/38/oss-parent-38.pom
#33 2139.5 [INFO] Downloaded from central: https://repo.maven.apache.org/maven2/com/fasterxml/oss-parent/38/oss-parent-38.pom (23 kB at 10 kB/s)
#33 2139.6 [INFO] Downloading from central: https://repo.maven.apache.org/maven2/org/glassfish/jersey/jersey-bom/2.32/jersey-bom-2.32.pom
#33 2141.1 [INFO] Downloaded from central: https://repo.maven.apache.org/maven2/org/glassfish/jersey/jersey-bom/2.32/jersey-bom-2.32.pom (19 kB at 14 kB/s)
#33 2141.1 [INFO] Downloading from central: https://repo.maven.apache.org/maven2/org/eclipse/jetty/jetty-bom/9.4.38.v20210224/jetty-bom-9.4.38.v20210224.pom
#33 2142.6 [INFO] Downloaded from central: https://repo.maven.apache.org/maven2/org/eclipse/jetty/jetty-bom/9.4.38.v20210224/jetty-bom-9.4.38.v20210224.pom (18 kB at 12 kB/s)
#33 2142.6 [INFO] Downloading from central: https://repo.maven.apache.org/maven2/org/junit/junit-bom/5.7.1/junit-bom-5.7.1.pom
#33 2143.2 [INFO] Downloaded from central: https://repo.maven.apache.org/maven2/org/junit/junit-bom/5.7.1/junit-bom-5.7.1.pom (5.1 kB at 9.1 kB/s)
#33 2143.2 [INFO] Downloading from central: https://repo.maven.apache.org/maven2/org/jetbrains/kotlin/kotlin-bom/1.4.31/kotlin-bom-1.4.31.pom
#33 2144.5 [INFO] Downloaded from central: https://repo.maven.apache.org/maven2/org/jetbrains/kotlin/kotlin-bom/1.4.31/kotlin-bom-1.4.31.pom (9.3 kB at 7.1 kB/s)
#33 2144.5 [INFO] Downloading from central: https://repo.maven.apache.org/maven2/org/jetbrains/kotlinx/kotlinx-coroutines-bom/1.4.3/kotlinx-coroutines-bom-1.4.3.pom
#33 2145.6 [INFO] Downloaded from central: https://repo.maven.apache.org/maven2/org/jetbrains/kotlinx/kotlinx-coroutines-bom/1.4.3/kotlinx-coroutines-bom-1.4.3.pom (4.1 kB at 3.8 kB/s)
#33 2145.7 [INFO] Downloading from central: https://repo.maven.apache.org/maven2/org/apache/logging/log4j/log4j-bom/2.13.3/log4j-bom-2.13.3.pom
#33 2146.6 [INFO] Downloaded from central: https://repo.maven.apache.org/maven2/org/apache/logging/log4j/log4j-bom/2.13.3/log4j-bom-2.13.3.pom (7.6 kB at 8.3 kB/s)
#33 2146.6 [INFO] Downloading from central: https://repo.maven.apache.org/maven2/org/apache/logging/logging-parent/1/logging-parent-1.pom
#33 2147.7 [INFO] Downloaded from central: https://repo.maven.apache.org/maven2/org/apache/logging/logging-parent/1/logging-parent-1.pom (3.2 kB at 2.9 kB/s)
#33 2147.7 [INFO] Downloading from central: https://repo.maven.apache.org/maven2/io/micrometer/micrometer-bom/1.6.5/micrometer-bom-1.6.5.pom
#33 2148.4 [INFO] Downloaded from central: https://repo.maven.apache.org/maven2/io/micrometer/micrometer-bom/1.6.5/micrometer-bom-1.6.5.pom (6.8 kB at 8.7 kB/s)
#33 2148.5 [INFO] Downloading from central: https://repo.maven.apache.org/maven2/io/netty/netty-bom/4.1.60.Final/netty-bom-4.1.60.Final.pom
#33 2150.0 [INFO] Downloaded from central: https://repo.maven.apache.org/maven2/io/netty/netty-bom/4.1.60.Final/netty-bom-4.1.60.Final.pom (8.8 kB at 5.7 kB/s)
#33 2150.0 [INFO] Downloading from central: https://repo.maven.apache.org/maven2/com/oracle/database/jdbc/ojdbc-bom/19.8.0.0/ojdbc-bom-19.8.0.0.pom
#33 2150.9 [INFO] Downloaded from central: https://repo.maven.apache.org/maven2/com/oracle/database/jdbc/ojdbc-bom/19.8.0.0/ojdbc-bom-19.8.0.0.pom (12 kB at 14 kB/s)
#33 2150.9 [INFO] Downloading from central: https://repo.maven.apache.org/maven2/io/r2dbc/r2dbc-bom/Arabba-SR9/r2dbc-bom-Arabba-SR9.pom
#33 2153.4 [INFO] Downloaded from central: https://repo.maven.apache.org/maven2/io/r2dbc/r2dbc-bom/Arabba-SR9/r2dbc-bom-Arabba-SR9.pom (4.1 kB at 1.7 kB/s)
#33 2153.4 [INFO] Downloading from central: https://repo.maven.apache.org/maven2/io/projectreactor/reactor-bom/2020.0.5/reactor-bom-2020.0.5.pom
#33 2154.2 [INFO] Downloaded from central: https://repo.maven.apache.org/maven2/io/projectreactor/reactor-bom/2020.0.5/reactor-bom-2020.0.5.pom (4.5 kB at 5.5 kB/s)
#33 2154.2 [INFO] Downloading from central: https://repo.maven.apache.org/maven2/io/rsocket/rsocket-bom/1.1.0/rsocket-bom-1.1.0.pom
#33 2156.5 [INFO] Downloaded from central: https://repo.maven.apache.org/maven2/io/rsocket/rsocket-bom/1.1.0/rsocket-bom-1.1.0.pom (2.6 kB at 1.1 kB/s)
#33 2156.5 [INFO] Downloading from central: https://repo.maven.apache.org/maven2/org/springframework/data/spring-data-bom/2020.0.6/spring-data-bom-2020.0.6.pom
#33 2158.3 [INFO] Downloaded from central: https://repo.maven.apache.org/maven2/org/springframework/data/spring-data-bom/2020.0.6/spring-data-bom-2020.0.6.pom (5.9 kB at 3.3 kB/s)
#33 2158.3 [INFO] Downloading from central: https://repo.maven.apache.org/maven2/org/springframework/spring-framework-bom/5.3.5/spring-framework-bom-5.3.5.pom
#33 2159.9 [INFO] Downloaded from central: https://repo.maven.apache.org/maven2/org/springframework/spring-framework-bom/5.3.5/spring-framework-bom-5.3.5.pom (5.6 kB at 3.5 kB/s)
#33 2159.9 [INFO] Downloading from central: https://repo.maven.apache.org/maven2/org/springframework/integration/spring-integration-bom/5.4.5/spring-integration-bom-5.4.5.pom
#33 2161.1 [INFO] Downloaded from central: https://repo.maven.apache.org/maven2/org/springframework/integration/spring-integration-bom/5.4.5/spring-integration-bom-5.4.5.pom (9.5 kB at 8.1 kB/s)
#33 2161.2 [INFO] Downloading from central: https://repo.maven.apache.org/maven2/org/springframework/security/spring-security-bom/5.4.5/spring-security-bom-5.4.5.pom
#33 2161.8 [INFO] Downloaded from central: https://repo.maven.apache.org/maven2/org/springframework/security/spring-security-bom/5.4.5/spring-security-bom-5.4.5.pom (5.3 kB at 8.9 kB/s)
#33 2161.8 [INFO] Downloading from central: https://repo.maven.apache.org/maven2/org/springframework/session/spring-session-bom/2020.0.3/spring-session-bom-2020.0.3.pom
#33 2162.1 [INFO] Downloaded from central: https://repo.maven.apache.org/maven2/org/springframework/session/spring-session-bom/2020.0.3/spring-session-bom-2020.0.3.pom (2.7 kB at 7.1 kB/s)
#33 2162.2 [INFO] Downloading from central: https://repo.maven.apache.org/maven2/com/fasterxml/jackson/jackson-bom/2.12.1/jackson-bom-2.12.1.pom
#33 2163.1 [INFO] Downloaded from central: https://repo.maven.apache.org/maven2/com/fasterxml/jackson/jackson-bom/2.12.1/jackson-bom-2.12.1.pom (15 kB at 15 kB/s)
#33 2163.1 [INFO] Downloading from central: https://repo.maven.apache.org/maven2/com/fasterxml/jackson/jackson-parent/2.12/jackson-parent-2.12.pom
#33 2164.1 [INFO] Downloaded from central: https://repo.maven.apache.org/maven2/com/fasterxml/jackson/jackson-parent/2.12/jackson-parent-2.12.pom (7.5 kB at 7.4 kB/s)
#33 2164.1 [INFO] Downloading from central: https://repo.maven.apache.org/maven2/com/fasterxml/oss-parent/41/oss-parent-41.pom
#33 2166.1 [INFO] Downloaded from central: https://repo.maven.apache.org/maven2/com/fasterxml/oss-parent/41/oss-parent-41.pom (23 kB at 12 kB/s)
#33 2166.2 [INFO] Downloading from central: https://repo.maven.apache.org/maven2/org/springframework/boot/spring-boot-starter-web/3.5.3/spring-boot-starter-web-3.5.3.pom
#33 2166.8 [INFO] Downloaded from central: https://repo.maven.apache.org/maven2/org/springframework/boot/spring-boot-starter-web/3.5.3/spring-boot-starter-web-3.5.3.pom (2.9 kB at 5.1 kB/s)
#33 2166.8 [INFO] Downloading from central: https://repo.maven.apache.org/maven2/org/springframework/boot/spring-boot-starter-json/3.5.3/spring-boot-starter-json-3.5.3.pom
#33 2167.3 [INFO] Downloaded from central: https://repo.maven.apache.org/maven2/org/springframework/boot/spring-boot-starter-json/3.5.3/spring-boot-starter-json-3.5.3.pom (3.1 kB at 5.5 kB/s)
#33 2167.3 [INFO] Downloading from central: https://repo.maven.apache.org/maven2/com/fasterxml/jackson/datatype/jackson-datatype-jdk8/2.19.1/jackson-datatype-jdk8-2.19.1.pom
#33 2167.7 [INFO] Downloaded from central: https://repo.maven.apache.org/maven2/com/fasterxml/jackson/datatype/jackson-datatype-jdk8/2.19.1/jackson-datatype-jdk8-2.19.1.pom (2.8 kB at 8.0 kB/s)
#33 2167.8 [INFO] Downloading from central: https://repo.maven.apache.org/maven2/com/fasterxml/jackson/module/jackson-module-parameter-names/2.19.1/jackson-module-parameter-names-2.19.1.pom
#33 2168.3 [INFO] Downloaded from central: https://repo.maven.apache.org/maven2/com/fasterxml/jackson/module/jackson-module-parameter-names/2.19.1/jackson-module-parameter-names-2.19.1.pom (4.4 kB at 8.6 kB/s)
#33 2168.3 [INFO] Downloading from central: https://repo.maven.apache.org/maven2/org/springframework/boot/spring-boot-starter-tomcat/3.5.3/spring-boot-starter-tomcat-3.5.3.pom
#33 2168.7 [INFO] Downloaded from central: https://repo.maven.apache.org/maven2/org/springframework/boot/spring-boot-starter-tomcat/3.5.3/spring-boot-starter-tomcat-3.5.3.pom (3.1 kB at 8.6 kB/s)
#33 2168.7 [INFO] Downloading from central: https://repo.maven.apache.org/maven2/org/apache/tomcat/embed/tomcat-embed-core/10.1.42/tomcat-embed-core-10.1.42.pom
#33 2168.9 [INFO] Downloaded from central: https://repo.maven.apache.org/maven2/org/apache/tomcat/embed/tomcat-embed-core/10.1.42/tomcat-embed-core-10.1.42.pom (1.7 kB at 7.3 kB/s)
#33 2168.9 [INFO] Downloading from central: https://repo.maven.apache.org/maven2/org/apache/tomcat/embed/tomcat-embed-websocket/10.1.42/tomcat-embed-websocket-10.1.42.pom
#33 2169.2 [INFO] Downloaded from central: https://repo.maven.apache.org/maven2/org/apache/tomcat/embed/tomcat-embed-websocket/10.1.42/tomcat-embed-websocket-10.1.42.pom (1.7 kB at 6.7 kB/s)
#33 2169.4 [INFO] Downloading from central: https://repo.maven.apache.org/maven2/org/springframework/spring-webmvc/6.2.8/spring-webmvc-6.2.8.pom
#33 2169.8 [INFO] Downloaded from central: https://repo.maven.apache.org/maven2/org/springframework/spring-webmvc/6.2.8/spring-webmvc-6.2.8.pom (3.0 kB at 8.6 kB/s)
#33 2169.8 [INFO] Downloading from central: https://repo.maven.apache.org/maven2/org/redisson/redisson/3.15.3/redisson-3.15.3.pom
#33 2173.0 [INFO] Downloaded from central: https://repo.maven.apache.org/maven2/org/redisson/redisson/3.15.3/redisson-3.15.3.pom (21 kB at 6.5 kB/s)
#33 2173.0 [INFO] Downloading from central: https://repo.maven.apache.org/maven2/io/netty/netty-resolver-dns/4.1.122.Final/netty-resolver-dns-4.1.122.Final.pom
#33 2174.0 [INFO] Downloaded from central: https://repo.maven.apache.org/maven2/io/netty/netty-resolver-dns/4.1.122.Final/netty-resolver-dns-4.1.122.Final.pom (4.5 kB at 4.3 kB/s)
#33 2174.1 [INFO] Downloading from central: https://repo.maven.apache.org/maven2/io/netty/netty-codec-dns/4.1.122.Final/netty-codec-dns-4.1.122.Final.pom
#33 2174.7 [INFO] Downloaded from central: https://repo.maven.apache.org/maven2/io/netty/netty-codec-dns/4.1.122.Final/netty-codec-dns-4.1.122.Final.pom (3.4 kB at 6.1 kB/s)
#33 2174.7 [INFO] Downloading from central: https://repo.maven.apache.org/maven2/javax/cache/cache-api/1.1.1/cache-api-1.1.1.pom
#33 2176.0 [INFO] Downloaded from central: https://repo.maven.apache.org/maven2/javax/cache/cache-api/1.1.1/cache-api-1.1.1.pom (12 kB at 8.9 kB/s)
#33 2176.0 [INFO] Downloading from central: https://repo.maven.apache.org/maven2/io/reactivex/rxjava3/rxjava/3.1.10/rxjava-3.1.10.pom
#33 2176.4 [INFO] Downloaded from central: https://repo.maven.apache.org/maven2/io/reactivex/rxjava3/rxjava/3.1.10/rxjava-3.1.10.pom (1.8 kB at 5.3 kB/s)
#33 2176.4 [INFO] Downloading from central: https://repo.maven.apache.org/maven2/org/jboss/marshalling/jboss-marshalling-river/2.0.11.Final/jboss-marshalling-river-2.0.11.Final.pom
#33 2176.7 [INFO] Downloaded from central: https://repo.maven.apache.org/maven2/org/jboss/marshalling/jboss-marshalling-river/2.0.11.Final/jboss-marshalling-river-2.0.11.Final.pom (1.6 kB at 5.0 kB/s)
#33 2176.7 [INFO] Downloading from central: https://repo.maven.apache.org/maven2/org/jboss/marshalling/jboss-marshalling-parent/2.0.11.Final/jboss-marshalling-parent-2.0.11.Final.pom
#33 2177.6 [INFO] Downloaded from central: https://repo.maven.apache.org/maven2/org/jboss/marshalling/jboss-marshalling-parent/2.0.11.Final/jboss-marshalling-parent-2.0.11.Final.pom (4.6 kB at 5.4 kB/s)
#33 2177.6 [INFO] Downloading from central: https://repo.maven.apache.org/maven2/org/jboss/jboss-parent/34/jboss-parent-34.pom
#33 2185.1 [INFO] Downloaded from central: https://repo.maven.apache.org/maven2/org/jboss/jboss-parent/34/jboss-parent-34.pom (65 kB at 8.7 kB/s)
#33 2185.1 [INFO] Downloading from central: https://repo.maven.apache.org/maven2/org/jboss/marshalling/jboss-marshalling/2.0.11.Final/jboss-marshalling-2.0.11.Final.pom
#33 2186.6 [INFO] Downloaded from central: https://repo.maven.apache.org/maven2/org/jboss/marshalling/jboss-marshalling/2.0.11.Final/jboss-marshalling-2.0.11.Final.pom (8.6 kB at 5.9 kB/s)
#33 2186.6 [INFO] Downloading from central: https://repo.maven.apache.org/maven2/com/fasterxml/jackson/dataformat/jackson-dataformat-yaml/2.19.1/jackson-dataformat-yaml-2.19.1.pom
#33 2187.7 [INFO] Downloaded from central: https://repo.maven.apache.org/maven2/com/fasterxml/jackson/dataformat/jackson-dataformat-yaml/2.19.1/jackson-dataformat-yaml-2.19.1.pom (3.0 kB at 2.7 kB/s)
#33 2187.8 [INFO] Downloading from central: https://repo.maven.apache.org/maven2/com/fasterxml/jackson/dataformat/jackson-dataformats-text/2.19.1/jackson-dataformats-text-2.19.1.pom
#33 2189.1 [INFO] Downloaded from central: https://repo.maven.apache.org/maven2/com/fasterxml/jackson/dataformat/jackson-dataformats-text/2.19.1/jackson-dataformats-text-2.19.1.pom (3.5 kB at 2.7 kB/s)
#33 2189.1 [INFO] Downloading from central: https://repo.maven.apache.org/maven2/org/jodd/jodd-bean/5.1.6/jodd-bean-5.1.6.pom
#33 2190.0 [INFO] Downloaded from central: https://repo.maven.apache.org/maven2/org/jodd/jodd-bean/5.1.6/jodd-bean-5.1.6.pom (1.9 kB at 1.9 kB/s)
#33 2190.1 [INFO] Downloading from central: https://repo.maven.apache.org/maven2/org/jodd/jodd-core/5.1.6/jodd-core-5.1.6.pom
#33 2191.0 [INFO] Downloaded from central: https://repo.maven.apache.org/maven2/org/jodd/jodd-core/5.1.6/jodd-core-5.1.6.pom (1.7 kB at 1.7 kB/s)
#33 2191.1 [INFO] Downloading from central: https://repo.maven.apache.org/maven2/org/redisson/redisson-spring-data-24/3.15.3/redisson-spring-data-24-3.15.3.pom
#33 2191.6 [INFO] Downloaded from central: https://repo.maven.apache.org/maven2/org/redisson/redisson-spring-data-24/3.15.3/redisson-spring-data-24-3.15.3.pom (2.9 kB at 5.6 kB/s)
#33 2191.6 [INFO] Downloading from central: https://repo.maven.apache.org/maven2/org/redisson/redisson-spring-data/3.15.3/redisson-spring-data-3.15.3.pom
#33 2192.1 [INFO] Downloaded from central: https://repo.maven.apache.org/maven2/org/redisson/redisson-spring-data/3.15.3/redisson-spring-data-3.15.3.pom (3.6 kB at 6.9 kB/s)
#33 2192.7 [INFO] Downloading from central: https://repo.maven.apache.org/maven2/cn/widdo/widdo-assistant/353.0.0.0/widdo-assistant-353.0.0.0.jar
#33 2193.2 [INFO] Downloading from central: https://repo.maven.apache.org/maven2/org/springframework/boot/spring-boot-starter-data-redis/3.5.3/spring-boot-starter-data-redis-3.5.3.jar
#33 2193.2 [INFO] Downloading from central: https://repo.maven.apache.org/maven2/io/lettuce/lettuce-core/6.6.0.RELEASE/lettuce-core-6.6.0.RELEASE.jar
#33 2193.2 [INFO] Downloading from central: https://repo.maven.apache.org/maven2/redis/clients/authentication/redis-authx-core/0.1.1-beta2/redis-authx-core-0.1.1-beta2.jar
#33 2193.2 [INFO] Downloading from central: https://repo.maven.apache.org/maven2/io/netty/netty-common/4.1.122.Final/netty-common-4.1.122.Final.jar
#33 2193.2 [INFO] Downloading from central: https://repo.maven.apache.org/maven2/io/netty/netty-handler/4.1.122.Final/netty-handler-4.1.122.Final.jar
#33 2195.4 [INFO] Downloaded from central: https://repo.maven.apache.org/maven2/redis/clients/authentication/redis-authx-core/0.1.1-beta2/redis-authx-core-0.1.1-beta2.jar (18 kB at 8.2 kB/s)
#33 2195.4 [INFO] Downloading from central: https://repo.maven.apache.org/maven2/io/netty/netty-resolver/4.1.122.Final/netty-resolver-4.1.122.Final.jar
#33 2195.9 [INFO] Downloaded from central: https://repo.maven.apache.org/maven2/org/springframework/boot/spring-boot-starter-data-redis/3.5.3/spring-boot-starter-data-redis-3.5.3.jar (4.8 kB at 1.7 kB/s)
#33 2195.9 [INFO] Downloading from central: https://repo.maven.apache.org/maven2/io/netty/netty-transport-native-unix-common/4.1.122.Final/netty-transport-native-unix-common-4.1.122.Final.jar
#33 2199.0 [INFO] Downloaded from central: https://repo.maven.apache.org/maven2/io/netty/netty-common/4.1.122.Final/netty-common-4.1.122.Final.jar (721 kB at 123 kB/s)
#33 2199.0 [INFO] Downloading from central: https://repo.maven.apache.org/maven2/io/netty/netty-transport/4.1.122.Final/netty-transport-4.1.122.Final.jar
#33 2199.2 [INFO] Downloaded from central: https://repo.maven.apache.org/maven2/io/netty/netty-transport-native-unix-common/4.1.122.Final/netty-transport-native-unix-common-4.1.122.Final.jar (44 kB at 7.4 kB/s)
#33 2199.2 [INFO] Downloading from central: https://repo.maven.apache.org/maven2/org/springframework/data/spring-data-redis/3.5.1/spring-data-redis-3.5.1.jar
#33 2199.8 [INFO] Downloaded from central: https://repo.maven.apache.org/maven2/io/netty/netty-resolver/4.1.122.Final/netty-resolver-4.1.122.Final.jar (38 kB at 5.7 kB/s)
#33 2199.8 [INFO] Downloading from central: https://repo.maven.apache.org/maven2/org/springframework/data/spring-data-keyvalue/3.5.1/spring-data-keyvalue-3.5.1.jar
#33 2204.0 [INFO] Downloaded from central: https://repo.maven.apache.org/maven2/io/netty/netty-handler/4.1.122.Final/netty-handler-4.1.122.Final.jar (581 kB at 54 kB/s)
#33 2204.0 [INFO] Downloading from central: https://repo.maven.apache.org/maven2/org/springframework/spring-tx/6.2.8/spring-tx-6.2.8.jar
#33 2208.8 [INFO] Downloaded from central: https://repo.maven.apache.org/maven2/org/springframework/data/spring-data-keyvalue/3.5.1/spring-data-keyvalue-3.5.1.jar (138 kB at 8.8 kB/s)
#33 2208.8 [INFO] Downloading from central: https://repo.maven.apache.org/maven2/org/springframework/spring-oxm/6.2.8/spring-oxm-6.2.8.jar
#33 2216.7 [INFO] Downloaded from central: https://repo.maven.apache.org/maven2/org/springframework/spring-oxm/6.2.8/spring-oxm-6.2.8.jar (60 kB at 2.5 kB/s)
#33 2216.7 [INFO] Downloading from central: https://repo.maven.apache.org/maven2/org/redisson/redisson-spring-boot-starter/3.15.3/redisson-spring-boot-starter-3.15.3.jar
#33 2217.8 [INFO] Downloaded from central: https://repo.maven.apache.org/maven2/org/redisson/redisson-spring-boot-starter/3.15.3/redisson-spring-boot-starter-3.15.3.jar (8.5 kB at 344 B/s)
#33 2217.8 [INFO] Downloading from central: https://repo.maven.apache.org/maven2/org/springframework/boot/spring-boot-starter-web/3.5.3/spring-boot-starter-web-3.5.3.jar
#33 2219.1 [INFO] Downloaded from central: https://repo.maven.apache.org/maven2/org/springframework/boot/spring-boot-starter-web/3.5.3/spring-boot-starter-web-3.5.3.jar (4.8 kB at 185 B/s)
#33 2219.1 [INFO] Downloading from central: https://repo.maven.apache.org/maven2/org/springframework/boot/spring-boot-starter-json/3.5.3/spring-boot-starter-json-3.5.3.jar
#33 2220.0 [INFO] Downloaded from central: https://repo.maven.apache.org/maven2/org/springframework/boot/spring-boot-starter-json/3.5.3/spring-boot-starter-json-3.5.3.jar (4.7 kB at 177 B/s)
#33 2220.0 [INFO] Downloading from central: https://repo.maven.apache.org/maven2/com/fasterxml/jackson/datatype/jackson-datatype-jdk8/2.19.1/jackson-datatype-jdk8-2.19.1.jar
#33 2223.0 [INFO] Downloaded from central: https://repo.maven.apache.org/maven2/org/springframework/spring-tx/6.2.8/spring-tx-6.2.8.jar (285 kB at 9.6 kB/s)
#33 2223.0 [INFO] Downloading from central: https://repo.maven.apache.org/maven2/com/fasterxml/jackson/module/jackson-module-parameter-names/2.19.1/jackson-module-parameter-names-2.19.1.jar
#33 2223.3 [INFO] Downloaded from central: https://repo.maven.apache.org/maven2/com/fasterxml/jackson/datatype/jackson-datatype-jdk8/2.19.1/jackson-datatype-jdk8-2.19.1.jar (36 kB at 1.2 kB/s)
#33 2223.3 [INFO] Downloading from central: https://repo.maven.apache.org/maven2/org/springframework/boot/spring-boot-starter-tomcat/3.5.3/spring-boot-starter-tomcat-3.5.3.jar
#33 2224.4 [INFO] Downloaded from central: https://repo.maven.apache.org/maven2/com/fasterxml/jackson/module/jackson-module-parameter-names/2.19.1/jackson-module-parameter-names-2.19.1.jar (10 kB at 332 B/s)
#33 2224.4 [INFO] Downloading from central: https://repo.maven.apache.org/maven2/org/apache/tomcat/embed/tomcat-embed-core/10.1.42/tomcat-embed-core-10.1.42.jar
#33 2224.5 [INFO] Downloaded from central: https://repo.maven.apache.org/maven2/org/springframework/boot/spring-boot-starter-tomcat/3.5.3/spring-boot-starter-tomcat-3.5.3.jar (4.8 kB at 153 B/s)
#33 2224.5 [INFO] Downloading from central: https://repo.maven.apache.org/maven2/org/apache/tomcat/embed/tomcat-embed-websocket/10.1.42/tomcat-embed-websocket-10.1.42.jar
#33 2240.6 [INFO] Downloaded from central: https://repo.maven.apache.org/maven2/io/netty/netty-transport/4.1.122.Final/netty-transport-4.1.122.Final.jar (522 kB at 11 kB/s)
#33 2240.6 [INFO] Downloading from central: https://repo.maven.apache.org/maven2/org/springframework/spring-webmvc/6.2.8/spring-webmvc-6.2.8.jar
#33 2257.2 [INFO] Downloaded from central: https://repo.maven.apache.org/maven2/org/apache/tomcat/embed/tomcat-embed-websocket/10.1.42/tomcat-embed-websocket-10.1.42.jar (282 kB at 4.4 kB/s)
#33 2257.2 [INFO] Downloading from central: https://repo.maven.apache.org/maven2/org/redisson/redisson/3.15.3/redisson-3.15.3.jar
#33 2338.0 [INFO] Downloaded from central: https://repo.maven.apache.org/maven2/org/springframework/spring-webmvc/6.2.8/spring-webmvc-6.2.8.jar (1.1 MB at 7.5 kB/s)
#33 2338.0 [INFO] Downloading from central: https://repo.maven.apache.org/maven2/io/netty/netty-codec/4.1.122.Final/netty-codec-4.1.122.Final.jar
#33 2360.0 [INFO] Downloaded from central: https://repo.maven.apache.org/maven2/io/lettuce/lettuce-core/6.6.0.RELEASE/lettuce-core-6.6.0.RELEASE.jar (2.1 MB at 13 kB/s)
#33 2360.0 [INFO] Downloading from central: https://repo.maven.apache.org/maven2/io/netty/netty-buffer/4.1.122.Final/netty-buffer-4.1.122.Final.jar
#33 2363.9 [INFO] Downloaded from central: https://repo.maven.apache.org/maven2/io/netty/netty-codec/4.1.122.Final/netty-codec-4.1.122.Final.jar (356 kB at 2.1 kB/s)
#33 2363.9 [INFO] Downloading from central: https://repo.maven.apache.org/maven2/io/netty/netty-resolver-dns/4.1.122.Final/netty-resolver-dns-4.1.122.Final.jar
#33 2381.7 [INFO] Downloaded from central: https://repo.maven.apache.org/maven2/io/netty/netty-resolver-dns/4.1.122.Final/netty-resolver-dns-4.1.122.Final.jar (188 kB at 999 B/s)
#33 2381.7 [INFO] Downloading from central: https://repo.maven.apache.org/maven2/io/netty/netty-codec-dns/4.1.122.Final/netty-codec-dns-4.1.122.Final.jar
#33 2389.3 [INFO] Downloaded from central: https://repo.maven.apache.org/maven2/io/netty/netty-codec-dns/4.1.122.Final/netty-codec-dns-4.1.122.Final.jar (67 kB at 343 B/s)
#33 2389.3 [INFO] Downloading from central: https://repo.maven.apache.org/maven2/javax/cache/cache-api/1.1.1/cache-api-1.1.1.jar
#33 2390.6 [INFO] Downloaded from central: https://repo.maven.apache.org/maven2/io/netty/netty-buffer/4.1.122.Final/netty-buffer-4.1.122.Final.jar (339 kB at 1.7 kB/s)
#33 2390.6 [INFO] Downloading from central: https://repo.maven.apache.org/maven2/io/reactivex/rxjava3/rxjava/3.1.10/rxjava-3.1.10.jar
#33 2391.9 [INFO] Downloaded from central: https://repo.maven.apache.org/maven2/javax/cache/cache-api/1.1.1/cache-api-1.1.1.jar (51 kB at 258 B/s)
#33 2391.9 [INFO] Downloading from central: https://repo.maven.apache.org/maven2/org/jboss/marshalling/jboss-marshalling-river/2.0.11.Final/jboss-marshalling-river-2.0.11.Final.jar
#33 2394.5 [INFO] Downloaded from central: https://repo.maven.apache.org/maven2/org/springframework/data/spring-data-redis/3.5.1/spring-data-redis-3.5.1.jar (2.3 MB at 11 kB/s)
#33 2394.5 [INFO] Downloading from central: https://repo.maven.apache.org/maven2/org/jboss/marshalling/jboss-marshalling/2.0.11.Final/jboss-marshalling-2.0.11.Final.jar
#33 2398.2 [INFO] Downloaded from central: https://repo.maven.apache.org/maven2/org/jboss/marshalling/jboss-marshalling/2.0.11.Final/jboss-marshalling-2.0.11.Final.jar (224 kB at 1.1 kB/s)
#33 2398.2 [INFO] Downloading from central: https://repo.maven.apache.org/maven2/com/fasterxml/jackson/dataformat/jackson-dataformat-yaml/2.19.1/jackson-dataformat-yaml-2.19.1.jar
#33 2399.3 [INFO] Downloaded from central: https://repo.maven.apache.org/maven2/org/jboss/marshalling/jboss-marshalling-river/2.0.11.Final/jboss-marshalling-river-2.0.11.Final.jar (89 kB at 431 B/s)
#33 2399.3 [INFO] Downloading from central: https://repo.maven.apache.org/maven2/org/jodd/jodd-bean/5.1.6/jodd-bean-5.1.6.jar
#33 2399.7 [INFO] Downloaded from central: https://repo.maven.apache.org/maven2/com/fasterxml/jackson/dataformat/jackson-dataformat-yaml/2.19.1/jackson-dataformat-yaml-2.19.1.jar (60 kB at 291 B/s)
#33 2399.7 [INFO] Downloading from central: https://repo.maven.apache.org/maven2/org/jodd/jodd-core/5.1.6/jodd-core-5.1.6.jar
#33 2407.3 [INFO] Downloaded from central: https://repo.maven.apache.org/maven2/org/jodd/jodd-bean/5.1.6/jodd-bean-5.1.6.jar (126 kB at 586 B/s)
#33 2407.3 [INFO] Downloading from central: https://repo.maven.apache.org/maven2/org/redisson/redisson-spring-data-24/3.15.3/redisson-spring-data-24-3.15.3.jar
#33 2416.9 [INFO] Downloaded from central: https://repo.maven.apache.org/maven2/org/jodd/jodd-core/5.1.6/jodd-core-5.1.6.jar (348 kB at 1.6 kB/s)
#33 2423.1 [INFO] Downloaded from central: https://repo.maven.apache.org/maven2/org/redisson/redisson-spring-data-24/3.15.3/redisson-spring-data-24-3.15.3.jar (213 kB at 926 B/s)
#33 2450.9 [INFO] Downloaded from central: https://repo.maven.apache.org/maven2/org/redisson/redisson/3.15.3/redisson-3.15.3.jar (2.1 MB at 8.2 kB/s)
#33 2508.8 [INFO] Downloaded from central: https://repo.maven.apache.org/maven2/org/apache/tomcat/embed/tomcat-embed-core/10.1.42/tomcat-embed-core-10.1.42.jar (3.6 MB at 12 kB/s)
#33 2542.6 [INFO] Downloaded from central: https://repo.maven.apache.org/maven2/io/reactivex/rxjava3/rxjava/3.1.10/rxjava-3.1.10.jar (2.7 MB at 7.6 kB/s)
#33 2542.8 [INFO] ------------------------------------------------------------------------
#33 2542.8 [INFO] Reactor Summary for widdo 353.0.0.0:
#33 2542.8 [INFO] 
#33 2542.8 [INFO] widdo-bom .......................................... SUCCESS [13:01 min]
#33 2542.8 [INFO] widdo .............................................. SUCCESS [01:17 min]
#33 2542.8 [INFO] widdo-packages ..................................... SUCCESS [  0.028 s]
#33 2542.8 [INFO] widdo-assistant .................................... SUCCESS [16:02 min]
#33 2542.8 [INFO] widdo-cache ........................................ FAILURE [07:31 min]
#33 2542.8 [INFO] widdo-data ......................................... SKIPPED
#33 2542.8 [INFO] widdo-docs ......................................... SKIPPED
#33 2542.8 [INFO] widdo-register ..................................... SKIPPED
#33 2542.8 [INFO] widdo-gateway ...................................... SKIPPED
#33 2542.8 [INFO] widdo-starters ..................................... SKIPPED
#33 2542.8 [INFO] widdo-starter-neo4j ................................ SKIPPED
#33 2542.8 [INFO] widdo-starter-orientdb ............................. SKIPPED
#33 2542.8 [INFO] widdo-starter-jena ................................. SKIPPED
#33 2542.8 [INFO] widdo-starter-hadoop ............................... SKIPPED
#33 2542.8 [INFO] widdo-starter-sql .................................. SKIPPED
#33 2542.8 [INFO] widdo-starter-elasticsearch ........................ SKIPPED
#33 2542.8 [INFO] widdo-autoconfigure ................................ SKIPPED
#33 2542.8 [INFO] widdo-services ..................................... SKIPPED
#33 2542.8 [INFO] widdo-life ......................................... SKIPPED
#33 2542.8 [INFO] widdo-study ........................................ SKIPPED
#33 2542.8 [INFO] widdo-hadoop ....................................... SKIPPED
#33 2542.8 [INFO] ------------------------------------------------------------------------
#33 2542.8 [INFO] BUILD FAILURE
#33 2542.8 [INFO] ------------------------------------------------------------------------
#33 2542.8 [INFO] Total time:  42:18 min
#33 2542.8 [INFO] Finished at: 2025-07-29T13:02:27Z
#33 2542.8 [INFO] ------------------------------------------------------------------------
#33 2542.8 [ERROR] Failed to execute goal on project widdo-cache: Could not resolve dependencies for project cn.widdo:widdo-cache:jar:353.0.0.0
#33 2542.8 [ERROR] dependency: cn.widdo:widdo-assistant:jar:353.0.0.0 (compile)
#33 2542.8 [ERROR] 	Could not find artifact cn.widdo:widdo-assistant:jar:353.0.0.0 in central (https://repo.maven.apache.org/maven2)
#33 2542.8 [ERROR] -> [Help 1]
#33 2542.8 [ERROR] 
#33 2542.8 [ERROR] To see the full stack trace of the errors, re-run Maven with the -e switch.
#33 2542.8 [ERROR] Re-run Maven using the -X switch to enable full debug logging.
#33 2542.8 [ERROR] 
#33 2542.8 [ERROR] For more information about the errors and possible solutions, please read the following articles:
#33 2542.8 [ERROR] [Help 1] http://cwiki.apache.org/confluence/display/MAVEN/DependencyResolutionException
#33 2542.8 [ERROR] 
#33 2542.8 [ERROR] After correcting the problems, you can resume the build with the command
#33 2542.8 [ERROR]   mvn <args> -rf :widdo-cache
#33 ERROR: process "/bin/sh -c mvn -B dependency:resolve -Dmaven.repo.local=${MAVEN_REPO_LOCAL}" did not complete successfully: exit code: 1
------
 > [builder 25/27] RUN mvn -B dependency:resolve -Dmaven.repo.local=/build/.m2/repository:
2542.8 [ERROR] -> [Help 1]
2542.8 [ERROR] 
2542.8 [ERROR] To see the full stack trace of the errors, re-run Maven with the -e switch.
2542.8 [ERROR] Re-run Maven using the -X switch to enable full debug logging.
2542.8 [ERROR] 
2542.8 [ERROR] For more information about the errors and possible solutions, please read the following articles:
2542.8 [ERROR] [Help 1] http://cwiki.apache.org/confluence/display/MAVEN/DependencyResolutionException
2542.8 [ERROR] 
2542.8 [ERROR] After correcting the problems, you can resume the build with the command
2542.8 [ERROR]   mvn <args> -rf :widdo-cache
------
Dockerfile:36
--------------------
  34 |     
  35 |     # 2. 下载所有依赖（节省80%构建时间）
  36 | >>> RUN mvn -B dependency:resolve -Dmaven.repo.local=${MAVEN_REPO_LOCAL}
  37 |     
  38 |     # 3. 复制源代码并构建
--------------------
ERROR: failed to solve: process "/bin/sh -c mvn -B dependency:resolve -Dmaven.repo.local=${MAVEN_REPO_LOCAL}" did not complete successfully: exit code: 1
